Date,NAV
2013-01-02,15.46000
2013-01-03,15.44000
2013-01-04,15.44000
2013-01-07,15.38000
2013-01-08,15.42000
2013-01-09,15.37000
2013-01-10,15.44000
2013-01-11,15.24000
2013-01-14,15.37000
2013-01-15,15.40000
2013-01-16,15.19000
2013-01-17,15.21000
2013-01-18,15.20000
2013-01-21,15.16000
2013-01-22,15.11000
2013-01-23,15.14000
2013-01-24,14.99000
2013-01-25,15.12000
2013-01-28,15.14000
2013-01-29,15.08000
2013-01-30,15.11000
2013-01-31,15.14000
2013-02-01,15.12000
2013-02-04,15.08000
2013-02-05,14.97000
2013-02-06,14.95000
2013-02-07,14.84000
2013-02-08,14.77000
2013-02-11,14.79000
2013-02-12,14.85000
2013-02-13,14.83000
2013-02-14,14.72000
2013-02-15,14.69000
2013-02-18,14.71000
2013-02-19,14.77000
2013-02-20,14.74000
2013-02-21,14.46000
2013-02-22,14.43000
2013-02-25,14.40000
2013-02-26,14.20000
2013-02-27,14.31000
2013-02-28,13.96000
2013-03-01,14.02000
2013-03-04,13.96000
2013-03-05,14.13000
2013-03-06,14.17000
2013-03-07,14.24000
2013-03-08,14.47000
2013-03-11,14.44000
2013-03-12,14.37000
2013-03-13,14.13000
2013-03-14,14.27000
2013-03-15,14.22000
2013-03-18,14.18000
2013-03-19,13.99000
2013-03-20,13.75000
2013-03-21,13.74000
2013-03-22,13.73000
2013-03-25,13.70000
2013-03-26,13.78000
2013-03-28,13.93000
2013-04-01,14.01000
2013-04-02,14.11000
2013-04-03,13.99000
2013-04-04,13.76000
2013-04-05,13.66000
2013-04-08,13.59000
2013-04-09,13.49000
2013-04-10,13.61000
2013-04-11,13.70000
2013-04-12,13.75000
2013-04-15,13.86000
2013-04-16,14.07000
2013-04-17,14.19000
2013-04-18,14.45000
2013-04-22,14.65000
2013-04-23,14.58000
2013-04-25,14.72000
2013-04-26,14.66000
2013-04-29,14.77000
2013-04-30,14.91000
2013-05-02,15.04000
2013-05-03,14.90000
2013-05-06,14.96000
2013-05-07,15.13000
2013-05-08,15.21000
2013-05-09,15.16000
2013-05-10,15.28000
2013-05-13,15.09000
2013-05-14,15.12000
2013-05-15,15.49000
2013-05-16,15.50000
2013-05-17,15.52000
2013-05-20,15.43000
2013-05-21,15.38000
2013-05-22,15.32000
2013-05-23,15.04000
2013-05-24,15.14000
2013-05-27,15.34000
2013-05-28,15.39000
2013-05-29,15.33000
2013-05-30,15.44000
2013-05-31,15.14000
2013-06-03,15.12000
2013-06-04,15.08000
2013-06-05,15.07000
2013-06-06,15.08000
2013-06-07,14.95000
2013-06-10,14.82000
2013-06-11,14.53000
2013-06-12,14.43000
2013-06-13,14.34000
2013-06-14,14.58000
2013-06-17,14.66000
2013-06-18,14.60000
2013-06-19,14.67000
2013-06-20,14.33000
2013-06-21,14.29000
2013-06-24,14.06000
2013-06-25,14.08000
2013-06-26,13.97000
2013-06-27,14.13000
2013-06-28,14.44000
2013-07-01,14.65000
2013-07-02,14.60000
2013-07-03,14.42000
2013-07-04,14.50000
2013-07-05,14.53000
2013-07-08,14.45000
2013-07-09,14.57000
2013-07-10,14.49000
2013-07-11,14.70000
2013-07-12,14.73000
2013-07-15,14.88000
2013-07-16,14.63000
2013-07-17,14.51000
2013-07-18,14.65000
2013-07-19,14.53000
2013-07-22,14.62000
2013-07-23,14.67000
2013-07-24,14.37000
2013-07-25,14.30000
2013-07-26,14.20000
2013-07-29,14.05000
2013-07-30,13.85000
2013-07-31,13.78000
2013-08-01,13.76000
2013-08-02,13.64000
2013-08-05,13.65000
2013-08-06,13.20000
2013-08-07,13.15000
2013-08-08,13.28000
2013-08-12,13.41000
2013-08-13,13.65000
2013-08-14,13.74000
2013-08-16,13.24000
2013-08-19,12.96000
2013-08-20,12.90000
2013-08-21,12.89000
2013-08-22,12.90000
2013-08-23,13.03000
2013-08-26,13.03000
2013-08-27,12.53000
2013-08-28,12.31000
2013-08-29,12.58000
2013-08-30,12.76000
2013-09-02,12.94000
2013-09-03,12.49000
2013-09-04,12.65000
2013-09-05,13.13000
2013-09-06,13.29000
2013-09-10,13.61000
2013-09-11,13.71000
2013-09-12,13.58000
2013-09-13,13.54000
2013-09-16,13.65000
2013-09-17,13.59000
2013-09-18,13.71000
2013-09-19,14.13000
2013-09-20,13.83000
2013-09-23,13.55000
2013-09-24,13.59000
2013-09-25,13.58000
2013-09-26,13.66000
2013-09-27,13.62000
2013-09-30,13.45000
2013-10-01,13.61000
2013-10-03,13.86000
2013-10-04,13.84000
2013-10-07,13.81000
2013-10-08,13.82000
2013-10-09,13.97000
2013-10-10,14.00000
2013-10-11,14.12000
2013-10-14,14.11000
2013-10-15,13.97000
2013-10-17,14.03000
2013-10-18,14.33000
2013-10-21,14.45000
2013-10-22,14.43000
2013-10-23,14.43000
2013-10-24,14.40000
2013-10-25,14.35000
2013-10-28,14.20000
2013-10-29,14.47000
2013-10-30,14.58000
2013-10-31,14.72000
2013-11-01,14.79000
2013-11-05,14.80000
2013-11-06,14.64000
2013-11-07,14.48000
2013-11-08,14.34000
2013-11-11,14.25000
2013-11-12,14.20000
2013-11-13,14.08000
2013-11-14,14.27000
2013-11-18,14.50000
2013-11-19,14.54000
2013-11-20,14.36000
2013-11-21,14.08000
2013-11-22,14.10000
2013-11-25,14.33000
2013-11-26,14.17000
2013-11-27,14.20000
2013-11-28,14.26000
2013-11-29,14.40000
2013-12-02,14.50000
2013-12-03,14.46000
2013-12-04,14.38000
2013-12-05,14.54000
2013-12-06,14.60000
2013-12-09,14.79000
2013-12-10,14.67000
2013-12-11,14.68000
2013-12-12,14.58000
2013-12-13,14.40000
2013-12-16,14.39000
2013-12-17,14.42000
2013-12-18,14.59000
2013-12-19,14.48000
2013-12-20,14.76000
2013-12-23,14.82000
2013-12-24,14.77000
2013-12-26,14.80000
2013-12-27,14.84000
2013-12-30,14.84000
2013-12-31,14.92000
2014-01-01,14.93000
2014-01-02,14.71000
2014-01-03,14.77000
2014-01-06,14.78000
2014-01-07,14.77000
2014-01-08,14.84000
2014-01-09,14.75000
2014-01-10,14.67000
2014-01-13,14.77000
2014-01-14,14.65000
2014-01-15,14.77000
2014-01-16,14.66000
2014-01-17,14.52000
2014-01-20,14.61000
2014-01-21,14.68000
2014-01-22,14.72000
2014-01-23,14.73000
2014-01-24,14.56000
2014-01-27,14.16000
2014-01-28,14.09000
2014-01-29,14.05000
2014-01-30,13.83000
2014-01-31,14.00000
2014-02-03,13.86000
2014-02-04,13.96000
2014-02-05,13.96000
2014-02-06,13.96000
2014-02-07,14.00000
2014-02-10,13.94000
2014-02-11,13.95000
2014-02-12,13.98000
2014-02-13,13.79000
2014-02-14,13.82000
2014-02-17,13.83000
2014-02-18,13.98000
2014-02-19,14.01000
2014-02-20,13.88000
2014-02-21,13.99000
2014-02-24,14.05000
2014-02-25,14.05000
2014-02-26,14.11000
2014-02-28,14.13000
2014-03-03,14.09000
2014-03-04,14.28000
2014-03-05,14.42000
2014-03-06,14.59000
2014-03-07,14.94000
2014-03-10,15.11000
2014-03-11,15.08000
2014-03-12,15.12000
2014-03-13,15.15000
2014-03-14,15.11000
2014-03-18,15.22000
2014-03-19,15.36000
2014-03-20,15.25000
2014-03-21,15.32000
2014-03-24,15.54000
2014-03-25,15.60000
2014-03-26,15.62000
2014-03-27,15.72000
2014-03-28,15.90000
2014-03-31,15.94000
2014-04-01,15.84000
2014-04-02,15.98000
2014-04-03,15.81000
2014-04-04,15.76000
2014-04-07,15.68000
2014-04-09,16.01000
2014-04-10,16.00000
2014-04-11,15.84000
2014-04-15,15.71000
2014-04-16,15.65000
2014-04-17,15.85000
2014-04-21,15.94000
2014-04-22,15.90000
2014-04-23,16.03000
2014-04-25,15.96000
2014-04-28,15.93000
2014-04-29,15.80000
2014-04-30,15.75000
2014-05-02,15.76000
2014-05-05,15.72000
2014-05-06,15.77000
2014-05-07,15.69000
2014-05-08,15.73000
2014-05-09,16.24000
2014-05-12,16.51000
2014-05-13,16.67000
2014-05-14,16.73000
2014-05-15,16.68000
2014-05-16,17.09000
2014-05-19,17.53000
2014-05-20,17.63000
2014-05-21,17.61000
2014-05-22,17.83000
2014-05-23,18.03000
2014-05-26,17.86000
2014-05-27,17.74000
2014-05-28,17.81000
2014-05-29,17.75000
2014-05-30,17.66000
2014-06-02,17.97000
2014-06-03,18.01000
2014-06-04,18.14000
2014-06-05,18.19000
2014-06-06,18.46000
2014-06-09,18.67000
2014-06-10,18.63000
2014-06-11,18.54000
2014-06-12,18.54000
2014-06-13,18.16000
2014-06-16,18.13000
2014-06-17,18.39000
2014-06-18,18.35000
2014-06-19,18.17000
2014-06-20,18.17000
2014-06-23,18.24000
2014-06-24,18.50000
2014-06-25,18.57000
2014-06-26,18.46000
2014-06-27,18.44000
2014-06-30,18.65000
2014-07-01,18.74000
2014-07-02,19.07000
2014-07-03,19.09000
2014-07-04,19.18000
2014-07-07,19.12000
2014-07-08,18.63000
2014-07-09,18.47000
2014-07-10,18.57000
2014-07-11,18.19000
2014-07-14,18.21000
2014-07-15,18.52000
2014-07-16,18.78000
2014-07-17,18.89000
2014-07-18,19.00000
2014-07-21,19.14000
2014-07-22,19.17000
2014-07-23,19.16000
2014-07-24,19.18000
2014-07-25,18.90000
2014-07-28,18.76000
2014-07-30,19.04000
2014-07-31,18.89000
2014-08-01,18.61000
2014-08-04,18.70000
2014-08-05,18.82000
2014-08-06,18.66000
2014-08-07,18.67000
2014-08-08,18.33000
2014-08-11,18.50000
2014-08-12,18.66000
2014-08-13,18.51000
2014-08-14,18.69000
2014-08-18,19.03000
2014-08-19,19.20000
2014-08-20,19.23000
2014-08-21,19.28000
2014-08-22,19.35000
2014-08-25,19.31000
2014-08-26,19.31000
2014-08-27,19.41000
2014-08-28,19.44000
2014-09-01,19.72000
2014-09-02,19.86000
2014-09-03,19.93000
2014-09-04,19.90000
2014-09-05,19.94000
2014-09-08,20.16000
2014-09-09,20.13000
2014-09-10,20.17000
2014-09-11,20.30000
2014-09-12,20.37000
2014-09-15,20.42000
2014-09-16,19.94000
2014-09-17,19.98000
2014-09-18,20.40000
2014-09-19,20.50000
2014-09-22,20.56000
2014-09-23,20.24000
2014-09-24,20.09000
2014-09-25,19.74000
2014-09-26,19.94000
2014-09-29,19.97000
2014-09-30,20.01000
2014-10-01,19.91000
2014-10-07,19.71000
2014-10-08,19.76000
2014-10-09,20.20000
2014-10-10,19.85000
2014-10-13,20.04000
2014-10-14,20.10000
2014-10-16,19.76000
2014-10-17,20.09000
2014-10-20,20.33000
2014-10-21,20.56000
2014-10-22,20.72000
2014-10-27,20.76000
2014-10-28,20.85000
2014-10-29,20.96000
2014-10-30,21.08000
2014-10-31,21.36000
2014-11-03,21.47000
2014-11-05,21.73000
2014-11-07,21.81000
2014-11-10,21.78000
2014-11-11,21.86000
2014-11-12,22.10000
2014-11-13,22.02000
2014-11-14,22.14000
2014-11-17,22.30000
2014-11-18,22.39000
2014-11-19,22.33000
2014-11-20,22.31000
2014-11-21,22.64000
2014-11-24,22.71000
2014-11-25,22.46000
2014-11-26,22.45000
2014-11-27,22.60000
2014-11-28,22.92000
2014-12-01,22.93000
2014-12-02,23.07000
2014-12-03,23.32000
2014-12-04,23.46000
2014-12-05,23.42000
2014-12-08,23.21000
2014-12-09,22.92000
2014-12-10,23.13000
2014-12-11,23.00000
2014-12-12,22.81000
2014-12-15,22.89000
2014-12-16,22.30000
2014-12-17,22.19000
2014-12-18,22.73000
2014-12-19,22.86000
2014-12-22,23.13000
2014-12-23,23.08000
2014-12-24,23.03000
2014-12-26,23.03000
2014-12-29,23.09000
2014-12-30,23.26000
2014-12-31,23.47000
2015-01-01,23.52000
2015-01-02,23.77000
2015-01-05,23.71000
2015-01-06,23.09000
2015-01-07,23.05000
2015-01-08,23.48000
2015-01-09,23.45000
2015-01-12,23.66000
2015-01-13,23.58000
2015-01-14,23.49000
2015-01-15,23.91000
2015-01-16,24.02000
2015-01-19,24.19000
2015-01-20,24.56000
2015-01-21,24.63000
2015-01-22,24.71000
2015-01-23,24.83000
2015-01-27,25.09000
2015-01-28,25.10000
2015-01-29,25.17000
2015-01-30,24.68000
2015-02-02,24.67000
2015-02-03,24.45000
2015-02-04,24.22000
2015-02-05,24.15000
2015-02-06,23.94000
2015-02-09,23.66000
2015-02-10,23.84000
2015-02-11,24.03000
2015-02-12,24.33000
2015-02-13,24.58000
2015-02-16,24.45000
2015-02-18,24.64000
2015-02-19,24.50000
2015-02-20,24.48000
2015-02-23,24.24000
2015-02-24,24.29000
2015-02-25,24.17000
2015-02-26,24.03000
2015-02-27,24.45000
2015-03-02,25.20000
2015-03-03,25.34000
2015-03-04,24.98000
2015-03-05,25.13000
2015-03-09,24.63000
2015-03-10,24.50000
2015-03-11,24.48000
2015-03-12,24.68000
2015-03-13,24.32000
2015-03-16,24.27000
2015-03-17,24.58000
2015-03-18,24.67000
2015-03-19,24.44000
2015-03-20,24.18000
2015-03-23,24.00000
2015-03-24,23.87000
2015-03-25,23.84000
2015-03-26,23.50000
2015-03-27,23.63000
2015-03-30,24.01000
2015-03-31,23.93000
2015-04-01,24.35000
2015-04-06,24.44000
2015-04-07,24.49000
2015-04-08,24.57000
2015-04-09,24.95000
2015-04-10,24.95000
2015-04-13,24.98000
2015-04-15,24.85000
2015-04-16,24.64000
2015-04-17,24.21000
2015-04-20,23.68000
2015-04-21,23.54000
2015-04-22,23.63000
2015-04-23,23.78000
2015-04-24,23.36000
2015-04-27,22.92000
2015-04-28,23.33000
2015-04-29,23.48000
2015-04-30,23.42000
2015-05-04,23.86000
2015-05-05,23.75000
2015-05-06,22.99000
2015-05-07,22.60000
2015-05-08,23.02000
2015-05-11,23.43000
2015-05-12,22.91000
2015-05-13,23.30000
2015-05-14,23.37000
2015-05-15,23.59000
2015-05-18,23.91000
2015-05-19,23.91000
2015-05-20,24.07000
2015-05-21,24.04000
2015-05-22,24.04000
2015-05-25,23.94000
2015-05-26,24.06000
2015-05-27,24.21000
2015-05-28,24.18000
2015-05-29,24.54000
2015-06-01,24.50000
2015-06-02,23.85000
2015-06-03,23.53000
2015-06-04,23.66000
2015-06-05,23.66000
2015-06-08,23.37000
2015-06-09,23.32000
2015-06-10,23.58000
2015-06-11,23.19000
2015-06-12,23.36000
2015-06-15,23.40000
2015-06-16,23.55000
2015-06-17,23.78000
2015-06-18,23.89000
2015-06-19,23.97000
2015-06-22,24.36000
2015-06-23,24.39000
2015-06-24,24.32000
2015-06-25,24.47000
2015-06-26,24.42000
2015-06-29,24.16000
2015-06-30,24.47000
2015-07-01,24.68000
2015-07-02,24.77000
2015-07-03,24.93000
2015-07-06,25.13000
2015-07-07,25.21000
2015-07-08,24.72000
2015-07-09,24.76000
2015-07-10,24.89000
2015-07-13,25.23000
2015-07-14,25.23000
2015-07-15,25.28000
2015-07-16,25.54000
2015-07-17,25.62000
2015-07-20,25.63000
2015-07-21,25.33000
2015-07-22,25.70000
2015-07-23,25.68000
2015-07-24,25.49000
2015-07-27,25.14000
2015-07-28,25.12000
2015-07-29,25.35000
2015-07-30,25.58000
2015-07-31,25.75000
2015-08-03,25.81000
2015-08-04,25.83000
2015-08-05,25.91000
2015-08-06,25.93000
2015-08-07,25.86000
2015-08-10,25.77000
2015-08-11,25.51000
2015-08-12,24.90000
2015-08-13,24.89000
2015-08-14,25.44000
2015-08-17,25.39000
2015-08-18,25.39000
2015-08-19,25.31000
2015-08-20,24.90000
2015-08-21,24.61000
2015-08-24,23.05000
2015-08-25,23.30000
2015-08-26,23.13000
2015-08-27,23.61000
2015-08-28,23.65000
2015-08-31,23.60000
2015-09-01,22.95000
2015-09-02,22.76000
2015-09-03,23.08000
2015-09-04,22.60000
2015-09-07,22.22000
2015-09-08,22.62000
2015-09-09,23.02000
2015-09-10,22.96000
2015-09-11,23.05000
2015-09-14,23.38000
2015-09-15,23.27000
2015-09-16,23.43000
2015-09-18,23.76000
2015-09-21,23.97000
2015-09-22,23.42000
2015-09-23,23.64000
2015-09-24,23.71000
2015-09-28,23.63000
2015-09-29,23.74000
2015-09-30,23.83000
2015-10-01,23.90000
2015-10-05,24.34000
2015-10-06,24.34000
2015-10-07,24.35000
2015-10-08,24.19000
2015-10-09,24.21000
2015-10-12,24.19000
2015-10-13,24.21000
2015-10-14,24.21000
2015-10-15,24.40000
2015-10-16,24.56000
2015-10-19,24.61000
2015-10-20,24.63000
2015-10-21,24.50000
2015-10-23,24.60000
2015-10-26,24.41000
2015-10-27,24.36000
2015-10-28,24.10000
2015-10-29,23.92000
2015-10-30,23.81000
2015-11-02,23.81000
2015-11-03,23.80000
2015-11-04,23.75000
2015-11-05,23.41000
2015-11-06,23.43000
2015-11-09,23.41000
2015-11-10,23.19000
2015-11-13,23.17000
2015-11-16,23.35000
2015-11-17,23.44000
2015-11-18,23.16000
2015-11-19,23.58000
2015-11-20,23.59000
2015-11-23,23.58000
2015-11-24,23.60000
2015-11-26,23.67000
2015-11-27,23.90000
2015-11-30,23.97000
2015-12-01,23.99000
2015-12-02,23.92000
2015-12-03,23.81000
2015-12-04,23.53000
2015-12-07,23.58000
2015-12-08,23.39000
2015-12-09,23.09000
2015-12-10,23.20000
2015-12-11,22.93000
2015-12-14,22.97000
2015-12-15,23.12000
2015-12-16,23.20000
2015-12-17,23.55000
2015-12-18,23.39000
2015-12-21,23.70000
2015-12-22,23.59000
2015-12-23,23.76000
2015-12-24,23.81000
2015-12-28,23.96000
2015-12-29,23.97000
2015-12-30,24.01000
2015-12-31,24.09000
2016-01-01,24.18000
2016-01-04,23.74000
2016-01-05,23.79000
2016-01-06,23.71000
2016-01-07,23.16000
2016-01-08,23.28000
2016-01-11,23.12000
2016-01-12,22.91000
2016-01-13,22.90000
2016-01-14,22.60000
2016-01-15,22.06000
2016-01-18,21.63000
2016-01-19,21.88000
2016-01-20,21.44000
2016-01-21,21.51000
2016-01-22,21.98000
2016-01-25,22.05000
2016-01-27,22.07000
2016-01-28,22.02000
2016-01-29,22.33000
2016-02-01,22.32000
2016-02-02,21.99000
2016-02-03,21.66000
2016-02-04,21.60000
2016-02-05,21.91000
2016-02-08,21.78000
2016-02-09,21.54000
2016-02-10,21.17000
2016-02-11,20.43000
2016-02-12,20.31000
2016-02-15,20.92000
2016-02-16,20.49000
2016-02-17,20.54000
2016-02-18,20.67000
2016-02-19,20.71000
2016-02-22,20.75000
2016-02-23,20.43000
2016-02-24,20.22000
2016-02-25,20.00000
2016-02-26,20.14000
2016-02-29,20.20000
2016-03-01,20.86000
2016-03-02,21.39000
2016-03-03,21.55000
2016-03-04,21.65000
2016-03-08,21.54000
2016-03-09,21.66000
2016-03-10,21.59000
2016-03-11,21.62000
2016-03-14,21.73000
2016-03-15,21.54000
2016-03-16,21.63000
2016-03-17,21.66000
2016-03-18,21.89000
2016-03-21,22.17000
2016-03-22,22.14000
2016-03-23,22.11000
2016-03-28,21.75000
2016-03-29,21.82000
2016-03-30,22.19000
2016-03-31,22.34000
2016-04-01,22.42000
2016-04-04,22.53000
2016-04-05,22.02000
2016-04-06,22.08000
2016-04-07,21.91000
2016-04-08,22.00000
2016-04-11,22.25000
2016-04-12,22.44000
2016-04-13,22.82000
2016-04-18,23.00000
2016-04-20,23.13000
2016-04-21,23.19000
2016-04-22,23.22000
2016-04-25,23.10000
2016-04-26,23.43000
2016-04-27,23.39000
2016-04-28,23.11000
2016-04-29,23.21000
2016-05-02,23.16000
2016-05-03,23.10000
2016-05-04,22.94000
2016-05-05,22.97000
2016-05-06,23.03000
2016-05-09,23.51000
2016-05-10,23.54000
2016-05-11,23.65000
2016-05-12,23.81000
2016-05-13,23.71000
2016-05-16,23.74000
2016-05-17,23.81000
2016-05-18,23.71000
2016-05-19,23.46000
2016-05-20,23.41000
2016-05-23,23.26000
2016-05-24,23.23000
2016-05-25,23.71000
2016-05-26,24.01000
2016-05-27,24.16000
2016-05-30,24.26000
2016-05-31,24.30000
2016-06-01,24.35000
2016-06-02,24.53000
2016-06-03,24.53000
2016-06-06,24.53000
2016-06-07,24.76000
2016-06-08,24.84000
2016-06-09,24.76000
2016-06-10,24.65000
2016-06-13,24.46000
2016-06-14,24.55000
2016-06-15,24.75000
2016-06-16,24.66000
2016-06-17,24.77000
2016-06-20,24.78000
2016-06-21,24.82000
2016-06-22,24.77000
2016-06-23,24.94000
2016-06-24,24.53000
2016-06-27,24.65000
2016-06-28,24.70000
2016-06-29,25.02000
2016-06-30,25.32000
2016-07-01,25.52000
2016-07-04,25.64000
2016-07-05,25.60000
2016-07-07,25.59000
2016-07-08,25.56000
2016-07-11,25.85000
2016-07-12,26.05000
2016-07-13,25.86000
2016-07-14,26.06000
2016-07-15,26.10000
2016-07-18,26.02000
2016-07-19,26.07000
2016-07-20,26.14000
2016-07-21,26.08000
2016-07-22,26.12000
2016-07-25,26.44000
2016-07-26,26.35000
2016-07-27,26.50000
2016-07-28,26.70000
2016-07-29,26.79000
2016-08-01,26.80000
2016-08-02,26.77000
2016-08-03,26.48000
2016-08-04,26.47000
2016-08-05,26.89000
2016-08-08,27.04000
2016-08-09,26.98000
2016-08-10,26.68000
2016-08-11,26.60000
2016-08-12,26.86000
2016-08-16,26.93000
2016-08-17,27.04000
2016-08-18,27.24000
2016-08-19,27.30000
2016-08-22,27.21000
2016-08-23,27.21000
2016-08-24,27.29000
2016-08-25,27.21000
2016-08-26,27.21000
2016-08-29,27.38000
2016-08-30,27.67000
2016-08-31,27.90000
2016-09-01,27.94000
2016-09-02,28.01000
2016-09-06,28.42000
2016-09-07,28.39000
2016-09-08,28.49000
2016-09-09,28.12000
2016-09-12,27.46000
2016-09-14,27.64000
2016-09-15,27.77000
2016-09-16,27.73000
2016-09-19,27.87000
2016-09-20,27.81000
2016-09-21,27.81000
2016-09-22,28.14000
2016-09-23,28.15000
2016-09-26,27.92000
2016-09-27,27.88000
2016-09-28,28.05000
2016-09-29,27.50000
2016-09-30,27.67000
2016-10-03,28.31000
2016-10-04,28.40000
2016-10-05,28.35000
2016-10-06,28.18000
2016-10-07,28.17000
2016-10-10,28.22000
2016-10-13,27.76000
2016-10-14,27.84000
2016-10-17,27.74000
2016-10-18,28.17000
2016-10-19,28.12000
2016-10-20,28.33000
2016-10-21,28.35000
2016-10-24,28.36000
2016-10-25,28.34000
2016-10-26,28.16000
2016-10-27,28.05000
2016-10-28,28.33000
2016-11-01,28.35000
2016-11-02,27.91000
2016-11-03,27.74000
2016-11-04,27.53000
2016-11-07,27.77000
2016-11-08,27.82000
2016-11-09,27.31000
2016-11-10,27.63000
2016-11-11,26.67000
2016-11-15,25.66000
2016-11-16,25.71000
2016-11-17,25.63000
2016-11-18,25.47000
2016-11-21,24.87000
2016-11-22,25.13000
2016-11-23,25.28000
2016-11-24,25.01000
2016-11-25,25.37000
2016-11-28,25.39000
2016-11-29,25.45000
2016-11-30,25.69000
2016-12-01,25.44000
2016-12-02,25.01000
2016-12-05,25.10000
2016-12-06,25.10000
2016-12-07,24.95000
2016-12-08,25.41000
2016-12-09,25.59000
2016-12-12,25.23000
2016-12-13,25.18000
2016-12-14,24.92000
2016-12-15,24.87000
2016-12-16,24.90000
2016-12-19,24.78000
2016-12-20,24.63000
2016-12-21,24.50000
2016-12-22,24.30000
2016-12-23,24.36000
2016-12-26,24.10000
2016-12-27,24.50000
2016-12-28,24.57000
2016-12-29,24.81000
2016-12-30,25.10000
2017-01-02,25.08000
2017-01-03,25.31000
2017-01-04,25.30000
2017-01-05,25.57000
2017-01-06,25.52000
2017-01-09,25.61000
2017-01-10,25.76000
2017-01-11,26.11000
2017-01-12,26.09000
2017-01-13,26.14000
2017-01-16,26.24000
2017-01-17,26.25000
2017-01-18,26.39000
2017-01-19,26.46000
2017-01-20,26.17000
2017-01-23,26.37000
2017-01-24,26.54000
2017-01-25,27.06000
2017-01-27,27.14000
2017-01-30,27.09000
2017-01-31,26.95000
2017-02-01,27.60000
2017-02-02,27.73000
2017-02-03,27.83000
2017-02-06,28.17000
2017-02-07,28.09000
2017-02-08,28.14000
2017-02-09,28.20000
2017-02-10,28.22000
2017-02-13,28.23000
2017-02-14,28.16000
2017-02-15,27.93000
2017-02-16,28.04000
2017-02-17,28.22000
2017-02-20,28.44000
2017-02-21,28.55000
2017-02-22,28.46000
2017-02-23,28.46000
2017-02-27,28.31000
2017-02-28,28.46000
2017-03-01,28.56000
2017-03-02,28.29000
2017-03-03,28.23000
2017-03-06,28.42000
2017-03-07,28.45000
2017-03-08,28.54000
2017-03-09,28.61000
2017-03-10,28.62000
2017-03-14,29.06000
2017-03-15,29.17000
2017-03-16,29.37000
2017-03-17,29.41000
2017-03-20,29.45000
2017-03-21,29.47000
2017-03-22,29.20000
2017-03-23,29.40000
2017-03-24,29.50000
2017-03-27,29.50000
2017-03-28,29.69000
2017-03-29,29.78000
2017-03-30,30.00000
2017-03-31,30.00000
2017-04-03,30.03000
2017-04-05,30.23000
2017-04-06,30.22000
2017-04-07,30.09000
2017-04-10,30.30000
2017-04-11,30.51000
2017-04-12,30.44000
2017-04-13,30.39000
2017-04-17,30.31000
2017-04-18,30.29000
2017-04-19,30.37000
2017-04-20,30.47000
2017-04-21,30.46000
2017-04-24,30.64000
2017-04-25,30.89000
2017-04-26,31.01000
2017-04-27,31.07000
2017-04-28,31.01000
2017-05-02,31.17000
2017-05-03,31.05000
2017-05-04,31.23000
2017-05-05,30.89000
2017-05-08,30.95000
2017-05-09,30.82000
2017-05-10,31.13000
2017-05-11,31.37000
2017-05-12,31.03000
2017-05-15,31.40000
2017-05-16,31.54000
2017-05-17,31.44000
2017-05-18,30.98000
2017-05-19,30.93000
2017-05-22,30.84000
2017-05-23,30.61000
2017-05-24,30.35000
2017-05-25,30.84000
2017-05-26,31.24000
2017-05-29,31.16000
2017-05-30,31.19000
2017-05-31,31.36000
2017-06-01,31.51000
2017-06-02,31.79000
2017-06-05,31.96000
2017-06-06,31.75000
2017-06-07,31.93000
2017-06-08,32.04000
2017-06-09,32.09000
2017-06-12,31.88000
2017-06-13,31.92000
2017-06-14,31.88000
2017-06-15,31.81000
2017-06-16,31.99000
2017-06-19,32.13000
2017-06-20,32.03000
2017-06-21,32.11000
2017-06-22,32.11000
2017-06-23,31.88000
2017-06-27,31.47000
2017-06-28,31.47000
2017-06-29,31.54000
2017-06-30,31.71000
2017-07-03,32.01000
2017-07-04,31.99000
2017-07-05,32.12000
2017-07-06,32.28000
2017-07-07,32.23000
2017-07-10,32.39000
2017-07-11,32.28000
2017-07-12,32.47000
2017-07-13,32.83000
2017-07-14,32.84000
2017-07-17,32.92000
2017-07-18,32.61000
2017-07-19,32.89000
2017-07-20,32.87000
2017-07-21,33.00000
2017-07-24,33.08000
2017-07-25,33.15000
2017-07-26,33.33000
2017-07-27,33.55000
2017-07-28,33.66000
2017-07-31,33.80000
2017-08-01,33.84000
2017-08-02,33.77000
2017-08-03,33.50000
2017-08-04,33.67000
2017-08-07,33.83000
2017-08-08,33.50000
2017-08-09,33.17000
2017-08-10,32.74000
2017-08-11,32.50000
2017-08-14,32.95000
2017-08-16,33.37000
2017-08-17,33.26000
2017-08-18,33.13000
2017-08-21,32.93000
2017-08-22,32.92000
2017-08-23,33.21000
2017-08-24,33.18000
2017-08-28,33.52000
2017-08-29,33.20000
2017-08-30,33.52000
2017-08-31,33.69000
2017-09-01,33.86000
2017-09-04,33.66000
2017-09-05,33.84000
2017-09-06,33.84000
2017-09-07,33.99000
2017-09-08,33.98000
2017-09-11,34.28000
2017-09-12,34.44000
2017-09-13,34.22000
2017-09-14,34.32000
2017-09-15,34.28000
2017-09-18,34.51000
2017-09-19,34.55000
2017-09-20,34.43000
2017-09-21,34.23000
2017-09-22,33.59000
2017-09-25,33.14000
2017-09-26,33.23000
2017-09-27,32.70000
2017-09-28,32.88000
2017-09-29,33.12000
2017-10-03,33.34000
2017-10-04,33.42000
2017-10-05,33.44000
2017-10-06,33.67000
2017-10-09,33.81000
2017-10-10,33.90000
2017-10-11,33.63000
2017-10-12,34.01000
2017-10-13,34.13000
2017-10-16,34.12000
2017-10-17,34.07000
2017-10-18,33.89000
2017-10-23,33.79000
2017-10-24,33.95000
2017-10-25,33.73000
2017-10-26,33.86000
2017-10-27,33.98000
2017-10-30,34.15000
2017-10-31,34.13000
2017-11-01,34.37000
2017-11-02,34.34000
2017-11-03,34.49000
2017-11-06,34.44000
2017-11-07,34.17000
2017-11-08,34.06000
2017-11-09,34.21000
2017-11-10,34.35000
2017-11-13,34.16000
2017-11-14,34.05000
2017-11-15,33.77000
2017-11-16,34.01000
2017-11-17,34.33000
2017-11-20,34.32000
2017-11-21,34.38000
2017-11-22,34.52000
2017-11-23,34.56000
2017-11-24,34.71000
2017-11-27,34.90000
2017-11-28,34.91000
2017-11-29,34.91000
2017-11-30,34.61000
2017-12-01,34.31000
2017-12-04,34.29000
2017-12-05,34.34000
2017-12-06,34.07000
2017-12-07,34.44000
2017-12-08,34.80000
2017-12-11,34.92000
2017-12-12,34.79000
2017-12-13,34.60000
2017-12-14,34.60000
2017-12-15,34.98000
2017-12-18,35.23000
2017-12-19,35.46000
2017-12-20,35.56000
2017-12-21,35.65000
2017-12-22,35.75000
2017-12-26,35.84000
2017-12-27,35.67000
2017-12-28,35.64000
2017-12-29,35.73000
2018-01-01,35.60000
2018-01-02,35.43000
2018-01-03,35.50000
2018-01-04,35.66000
2018-01-05,36.04000
2018-01-08,36.27000
2018-01-09,36.21000
2018-01-10,36.17000
2018-01-11,36.20000
2018-01-12,36.28000
2018-01-15,36.50000
2018-01-16,36.30000
2018-01-17,36.27000
2018-01-18,36.24000
2018-01-19,36.54000
2018-01-22,36.73000
2018-01-23,36.88000
2018-01-24,36.60000
2018-01-25,36.55000
2018-01-29,36.56000
2018-01-30,36.26000
2018-01-31,36.10000
2018-02-01,36.20000
2018-02-02,35.20000
2018-02-05,34.81000
2018-02-06,34.48000
2018-02-07,34.61000
2018-02-08,35.09000
2018-02-09,34.85000
2018-02-12,35.13000
2018-02-14,35.12000
2018-02-15,35.04000
2018-02-16,34.61000
2018-02-19,34.46000
2018-02-20,34.44000
2018-02-21,34.55000
2018-02-22,34.45000
2018-02-23,34.83000
2018-02-26,35.20000
2018-02-27,35.15000
2018-02-28,34.85000
2018-03-01,34.65000
2018-03-05,34.45000
2018-03-06,34.27000
2018-03-07,33.99000
2018-03-08,34.11000
2018-03-09,34.22000
2018-03-12,34.69000
2018-03-13,34.81000
2018-03-14,34.79000
2018-03-15,34.78000
2018-03-16,34.40000
2018-03-19,34.07000
2018-03-20,34.12000
2018-03-21,34.26000
2018-03-22,34.12000
2018-03-23,33.86000
2018-03-26,34.40000
2018-03-27,34.64000
2018-03-28,34.40000
2018-04-02,34.71000
2018-04-03,34.92000
2018-04-04,34.61000
2018-04-05,35.19000
2018-04-06,35.38000
2018-04-09,35.61000
2018-04-10,35.59000
2018-04-11,35.57000
2018-04-12,35.55000
2018-04-13,35.55000
2018-04-16,35.77000
2018-04-17,36.00000
2018-04-18,36.00000
2018-04-19,36.10000
2018-04-20,35.89000
2018-04-23,36.09000
2018-04-24,36.14000
2018-04-25,36.06000
2018-04-26,36.12000
2018-04-27,36.34000
2018-04-30,36.66000
2018-05-02,36.64000
2018-05-03,36.50000
2018-05-04,36.38000
2018-05-07,36.66000
2018-05-08,36.65000
2018-05-09,36.60000
2018-05-10,36.43000
2018-05-11,36.68000
2018-05-14,36.63000
2018-05-15,36.68000
2018-05-16,36.68000
2018-05-17,36.64000
2018-05-18,36.52000
2018-05-21,35.98000
2018-05-22,36.23000
2018-05-23,35.94000
2018-05-24,36.20000
2018-05-25,36.69000
2018-05-28,37.02000
2018-05-29,36.68000
2018-05-30,36.70000
2018-05-31,36.99000
2018-06-01,36.67000
2018-06-04,36.33000
2018-06-05,36.15000
2018-06-06,36.53000
2018-06-07,36.84000
2018-06-08,36.88000
2018-06-11,36.96000
2018-06-12,37.13000
2018-06-13,36.97000
2018-06-14,36.87000
2018-06-15,36.80000
2018-06-18,36.68000
2018-06-19,36.36000
2018-06-20,36.49000
2018-06-21,36.37000
2018-06-22,36.64000
2018-06-25,36.40000
2018-06-26,36.50000
2018-06-27,36.15000
2018-06-28,35.75000
2018-06-29,36.18000
2018-07-02,36.15000
2018-07-03,36.26000
2018-07-04,36.39000
2018-07-05,36.38000
2018-07-06,36.39000
2018-07-09,36.69000
2018-07-10,36.92000
2018-07-11,36.80000
2018-07-12,36.96000
2018-07-13,36.73000
2018-07-16,36.48000
2018-07-17,36.68000
2018-07-18,36.54000
2018-07-19,36.49000
2018-07-20,36.88000
2018-07-23,37.35000
2018-07-24,37.59000
2018-07-25,37.57000
2018-07-26,37.61000
2018-07-27,37.87000
2018-07-30,37.90000
2018-07-31,38.22000
2018-08-01,38.33000
2018-08-02,38.14000
2018-08-03,38.42000
2018-08-06,38.29000
2018-08-07,38.60000
2018-08-08,38.87000
2018-08-09,38.92000
2018-08-10,38.83000
2018-08-13,38.49000
2018-08-14,38.88000
2018-08-16,38.74000
2018-08-17,39.08000
2018-08-20,39.21000
2018-08-21,39.33000
2018-08-23,39.38000
2018-08-24,39.25000
2018-08-27,39.68000
2018-08-28,39.75000
2018-08-29,39.64000
2018-08-30,39.44000
2018-08-31,39.38000
2018-09-03,38.88000
2018-09-04,38.01000
2018-09-05,37.63000
2018-09-06,37.54000
2018-09-07,37.82000
2018-09-10,37.03000
2018-09-11,36.54000
2018-09-12,36.74000
2018-09-14,37.31000
2018-09-17,36.81000
2018-09-18,36.61000
2018-09-19,36.15000
2018-09-21,35.74000
2018-09-24,34.88000
2018-09-25,35.11000
2018-09-26,35.01000
2018-09-27,34.56000
2018-09-28,34.35000
2018-10-01,34.39000
2018-10-03,33.97000
2018-10-04,33.30000
2018-10-05,32.73000
2018-10-08,32.80000
2018-10-09,32.36000
2018-10-10,33.37000
2018-10-11,32.83000
2018-10-12,33.77000
2018-10-15,33.63000
2018-10-16,34.05000
2018-10-17,33.60000
2018-10-19,33.36000
2018-10-22,33.13000
2018-10-23,32.66000
2018-10-24,32.90000
2018-10-25,32.74000
2018-10-26,32.52000
2018-10-29,33.27000
2018-10-30,33.18000
2018-10-31,33.80000
2018-11-01,33.81000
2018-11-02,34.27000
2018-11-05,34.29000
2018-11-06,34.05000
2018-11-09,34.56000
2018-11-12,34.26000
2018-11-13,34.55000
2018-11-14,34.92000
2018-11-15,35.22000
2018-11-16,35.41000
2018-11-19,35.61000
2018-11-20,35.31000
2018-11-21,35.49000
2018-11-22,35.25000
2018-11-26,35.86000
2018-11-27,36.12000
2018-11-28,36.08000
2018-11-29,36.46000
2018-11-30,36.60000
2018-12-03,36.66000
2018-12-04,36.42000
2018-12-05,36.27000
2018-12-06,35.60000
2018-12-07,35.96000
2018-12-10,35.23000
2018-12-11,35.82000
2018-12-12,36.46000
2018-12-13,36.69000
2018-12-14,36.80000
2018-12-17,36.96000
2018-12-18,37.07000
2018-12-19,37.54000
2018-12-20,37.40000
2018-12-21,36.79000
2018-12-24,36.21000
2018-12-26,36.33000
2018-12-27,36.50000
2018-12-28,36.85000
2018-12-31,36.93000
2019-01-01,36.94000
2019-01-02,36.64000
2019-01-03,36.55000
2019-01-04,36.53000
2019-01-07,36.61000
2019-01-08,36.74000
2019-01-09,36.94000
2019-01-10,36.96000
2019-01-11,36.96000
2019-01-14,36.75000
2019-01-15,37.07000
2019-01-16,36.95000
2019-01-17,36.93000
2019-01-18,36.87000
2019-01-21,36.87000
2019-01-22,36.83000
2019-01-23,36.63000
2019-01-24,36.65000
2019-01-25,36.42000
2019-01-28,35.98000
2019-01-29,35.96000
2019-01-30,36.23000
2019-01-31,36.80000
2019-02-01,37.28000
2019-02-04,37.34000
2019-02-05,37.22000
2019-02-06,37.44000
2019-02-07,37.63000
2019-02-08,37.17000
2019-02-11,36.74000
2019-02-12,36.49000
2019-02-13,36.23000
2019-02-14,36.12000
2019-02-15,35.78000
2019-02-18,35.51000
2019-02-19,35.50000
2019-02-20,35.80000
2019-02-21,36.04000
2019-02-22,36.08000
2019-02-25,36.24000
2019-02-26,36.09000
2019-02-27,35.98000
2019-02-28,36.15000
2019-03-01,36.28000
2019-03-05,36.77000
2019-03-06,36.94000
2019-03-07,36.98000
2019-03-08,36.93000
2019-03-11,37.59000
2019-03-12,37.93000
2019-03-13,38.01000
2019-03-14,37.89000
2019-03-15,37.95000
2019-03-18,38.17000
2019-03-19,38.39000
2019-03-20,38.33000
2019-03-22,38.13000
2019-03-25,37.81000
2019-03-26,38.47000
2019-03-27,38.46000
2019-03-28,38.85000
2019-03-29,39.08000
2019-04-01,38.95000
2019-04-02,38.86000
2019-04-03,38.64000
2019-04-04,38.57000
2019-04-05,38.59000
2019-04-08,38.36000
2019-04-09,38.38000
2019-04-10,38.22000
2019-04-11,38.23000
2019-04-12,38.43000
2019-04-15,38.54000
2019-04-16,38.84000
2019-04-18,38.62000
2019-04-22,38.14000
2019-04-23,38.11000
2019-04-24,38.44000
2019-04-25,38.24000
2019-04-26,38.44000
2019-04-30,38.49000
2019-05-02,38.13000
2019-05-03,38.08000
2019-05-06,37.64000
2019-05-07,37.34000
2019-05-08,36.93000
2019-05-09,36.91000
2019-05-10,36.93000
2019-05-13,36.55000
2019-05-14,36.66000
2019-05-15,36.51000
2019-05-16,36.71000
2019-05-17,37.29000
2019-05-20,38.41000
2019-05-21,38.18000
2019-05-22,38.34000
2019-05-23,38.02000
2019-05-24,38.65000
2019-05-27,38.95000
2019-05-28,38.96000
2019-05-29,38.71000
2019-05-30,38.94000
2019-05-31,39.12000
2019-06-03,39.61000
2019-06-04,39.44000
2019-06-06,39.05000
2019-06-07,39.21000
2019-06-10,39.42000
2019-06-11,39.50000
2019-06-12,39.38000
2019-06-13,39.47000
2019-06-14,39.04000
2019-06-17,38.55000
2019-06-18,38.59000
2019-06-19,38.49000
2019-06-20,38.84000
2019-06-21,38.65000
2019-06-24,38.51000
2019-06-25,38.80000
2019-06-26,38.91000
2019-06-27,39.09000
2019-06-28,39.02000
2019-07-01,39.12000
2019-07-02,39.19000
2019-07-03,39.21000
2019-07-04,39.22000
2019-07-05,39.14000
2019-07-08,38.36000
2019-07-09,38.21000
2019-07-10,38.02000
2019-07-11,38.01000
2019-07-12,38.09000
2019-07-15,37.91000
2019-07-16,38.19000
2019-07-17,38.31000
2019-07-18,37.99000
2019-07-19,37.47000
2019-07-22,37.06000
2019-07-23,37.08000
2019-07-24,36.88000
2019-07-25,36.82000
2019-07-26,37.07000
2019-07-29,34.63000
2019-07-30,34.34000
2019-07-31,34.39000
2019-08-01,34.09000
2019-08-02,34.19000
2019-08-05,33.88000
2019-08-06,34.43000
2019-08-07,34.30000
2019-08-08,34.62000
2019-08-09,35.07000
2019-08-13,34.37000
2019-08-14,34.59000
2019-08-16,34.67000
2019-08-19,34.78000
2019-08-20,34.63000
2019-08-21,34.37000
2019-08-22,33.99000
2019-08-23,34.00000
2019-08-26,34.69000
2019-08-27,34.91000
2019-08-28,34.79000
2019-08-29,34.73000
2019-08-30,35.14000
2019-09-03,34.37000
2019-09-04,34.33000
2019-09-05,34.31000
2019-09-06,34.47000
2019-09-09,34.78000
2019-09-11,34.87000
2019-09-12,34.83000
2019-09-13,34.96000
2019-09-16,35.05000
2019-09-17,34.75000
2019-09-18,34.93000
2019-09-19,34.68000
2019-09-20,36.78000
2019-09-23,38.25000
2019-09-24,38.09000
2019-09-25,37.65000
2019-09-26,37.95000
2019-09-27,38.05000
2019-09-30,37.85000
2019-10-01,37.56000
2019-10-03,37.20000
2019-10-04,36.67000
2019-10-07,36.69000
2019-10-09,37.34000
2019-10-10,37.25000
2019-10-11,37.27000
2019-10-14,37.70000
2019-10-15,37.89000
2019-10-16,37.96000
2019-10-17,38.49000
2019-10-18,38.93000
2019-10-22,39.20000
2019-10-23,39.44000
2019-10-24,39.50000
2019-10-25,39.23000
2019-10-29,39.51000
2019-10-30,39.70000
2019-10-31,39.77000
2019-11-01,39.62000
2019-11-04,39.51000
2019-11-05,39.51000
2019-11-06,39.42000
2019-11-07,39.64000
2019-11-08,39.36000
2019-11-11,39.55000
2019-11-13,39.58000
2019-11-14,39.57000
2019-11-15,39.61000
2019-11-18,39.35000
2019-11-19,39.37000
2019-11-20,39.45000
2019-11-21,39.39000
2019-11-22,39.09000
2019-11-25,39.51000
2019-11-26,39.28000
2019-11-27,39.51000
2019-11-28,39.55000
2019-11-29,39.24000
2019-12-02,39.14000
2019-12-03,39.09000
2019-12-04,39.18000
2019-12-05,39.13000
2019-12-06,38.94000
2019-12-09,38.84000
2019-12-10,38.65000
2019-12-11,38.80000
2019-12-12,39.05000
2019-12-13,39.22000
2019-12-16,38.99000
2019-12-17,39.13000
2019-12-18,39.24000
2019-12-19,39.36000
2019-12-20,39.50000
2019-12-23,39.53000
2019-12-24,39.52000
2019-12-26,39.47000
2019-12-27,39.67000
2019-12-30,39.76000
2019-12-31,39.46000
2020-01-01,39.44000
2020-01-02,39.54000
2020-01-03,39.36000
2020-01-06,38.59000
2020-01-07,38.84000
2020-01-08,38.86000
2020-01-09,39.45000
2020-01-10,39.47000
2020-01-13,39.81000
2020-01-14,39.99000
2020-01-15,40.13000
2020-01-16,40.38000
2020-01-17,40.53000
2020-01-20,40.07000
2020-01-21,39.85000
2020-01-22,39.74000
2020-01-23,39.99000
2020-01-24,40.42000
2020-01-27,40.16000
2020-01-28,40.19000
2020-01-29,40.63000
2020-01-30,40.38000
2020-01-31,40.50000
2020-02-03,40.39000
2020-02-04,41.15000
2020-02-05,41.48000
2020-02-06,41.68000
2020-02-07,41.76000
2020-02-10,41.82000
2020-02-11,41.78000
2020-02-12,42.21000
2020-02-13,42.32000
2020-02-14,42.04000
2020-02-17,41.90000
2020-02-18,41.86000
2020-02-19,42.69000
2020-02-20,42.55000
2020-02-24,41.82000
2020-02-25,41.66000
2020-02-26,41.44000
2020-02-27,41.34000
2020-02-28,40.16000
2020-03-02,39.88000
2020-03-03,40.27000
2020-03-04,39.83000
2020-03-05,40.07000
2020-03-06,39.50000
2020-03-09,37.79000
2020-03-11,37.74000
2020-03-12,35.23000
2020-03-13,35.90000
2020-03-16,33.84000
2020-03-17,33.39000
2020-03-18,31.33000
2020-03-19,29.98000
2020-03-20,31.86000
2020-03-23,27.88000
2020-03-24,28.59000
2020-03-25,30.00000
2020-03-26,31.21000
2020-03-27,31.14000
2020-03-30,30.43000
2020-03-31,31.68000
2020-04-01,30.66000
2020-04-03,29.96000
2020-04-07,32.44000
2020-04-08,32.68000
2020-04-09,33.53000
2020-04-13,33.11000
2020-04-15,33.31000
2020-04-16,33.64000
2020-04-17,34.29000
2020-04-20,34.14000
2020-04-21,33.47000
2020-04-22,33.89000
2020-04-23,34.06000
2020-04-24,33.55000
2020-04-27,34.19000
2020-04-28,34.26000
2020-04-29,34.27000
2020-04-30,34.88000
2020-05-04,33.57000
2020-05-05,33.00000
2020-05-06,33.31000
2020-05-07,32.96000
2020-05-08,33.24000
2020-05-11,33.19000
2020-05-12,33.18000
2020-05-13,33.56000
2020-05-14,33.23000
2020-05-15,33.21000
2020-05-18,32.16000
2020-05-19,32.28000
2020-05-20,32.73000
2020-05-21,32.96000
2020-05-22,32.76000
2020-05-26,32.87000
2020-05-27,33.28000
2020-05-28,33.72000
2020-05-29,34.34000
2020-06-01,34.92000
2020-06-02,35.22000
2020-06-03,35.50000
2020-06-04,35.32000
2020-06-05,35.57000
2020-06-08,35.43000
2020-06-09,35.07000
2020-06-10,35.06000
2020-06-11,34.56000
2020-06-12,34.84000
2020-06-15,34.50000
2020-06-16,34.61000
2020-06-17,34.49000
2020-06-18,34.69000
2020-06-19,35.06000
2020-06-22,35.31000
2020-06-23,36.03000
2020-06-24,35.71000
2020-06-25,35.95000
2020-06-26,35.86000
2020-06-29,35.78000
2020-06-30,35.94000
2020-07-01,35.94000
2020-07-02,36.14000
2020-07-03,36.40000
2020-07-06,36.81000
2020-07-07,36.99000
2020-07-08,36.73000
2020-07-09,37.02000
2020-07-10,37.02000
2020-07-13,37.18000
2020-07-14,36.81000
2020-07-15,36.69000
2020-07-16,36.97000
2020-07-17,37.51000
2020-07-20,38.11000
2020-07-21,38.31000
2020-07-22,38.13000
2020-07-23,38.47000
2020-07-24,38.37000
2020-07-27,38.13000
2020-07-28,38.36000
2020-07-29,38.09000
2020-07-30,37.85000
2020-07-31,38.03000
2020-08-03,35.63000
2020-08-04,36.10000
2020-08-05,36.24000
2020-08-06,36.41000
2020-08-07,36.52000
2020-08-10,36.69000
2020-08-11,36.67000
2020-08-12,36.62000
2020-08-13,36.72000
2020-08-14,36.35000
2020-08-17,36.55000
2020-08-18,37.06000
2020-08-19,37.18000
2020-08-20,37.02000
2020-08-21,37.32000
2020-08-24,37.66000
2020-08-25,37.71000
2020-08-26,37.81000
2020-08-27,37.81000
2020-08-28,37.76000
2020-08-31,36.54000
2020-09-01,36.94000
2020-09-02,37.30000
2020-09-03,37.37000
2020-09-04,36.98000
2020-09-07,36.90000
2020-09-08,36.78000
2020-09-09,36.74000
2020-09-10,37.14000
2020-09-11,37.24000
2020-09-14,37.83000
2020-09-15,38.10000
2020-09-16,38.38000
2020-09-17,38.09000
2020-09-18,37.98000
2020-09-21,36.74000
2020-09-22,36.39000
2020-09-23,36.48000
2020-09-24,35.77000
2020-09-25,36.46000
2020-09-28,37.25000
2020-09-29,37.34000
2020-09-30,37.32000
2020-10-01,37.63000
2020-10-05,37.61000
2020-10-06,37.86000
2020-10-07,38.01000
2020-10-08,38.05000
2020-10-09,37.97000
2020-10-12,37.87000
2020-10-13,37.86000
2020-10-14,38.09000
2020-10-15,37.54000
2020-10-16,37.98000
2020-10-19,38.28000
2020-10-20,38.39000
2020-10-21,38.17000
2020-10-22,38.20000
2020-10-23,38.63000
2020-10-26,38.05000
2020-10-27,38.69000
2020-10-28,38.38000
2020-10-29,38.38000
2020-10-30,38.23000
2020-11-02,38.24000
2020-11-03,38.65000
2020-11-04,38.92000
2020-11-05,39.47000
2020-11-06,39.71000
2020-11-09,40.07000
2020-11-10,40.20000
2020-11-11,40.36000
2020-11-12,40.44000
2020-11-13,40.74000
2020-11-17,41.19000
2020-11-18,41.44000
2020-11-19,40.93000
2020-11-20,41.37000
2020-11-23,41.57000
2020-11-24,41.91000
2020-11-25,41.20000
2020-11-26,41.54000
2020-11-27,42.21000
2020-12-01,42.39000
2020-12-02,42.39000
2020-12-03,42.67000
2020-12-04,43.04000
2020-12-07,43.19000
2020-12-08,43.22000
2020-12-09,43.47000
2020-12-10,43.60000
2020-12-11,43.74000
2020-12-14,43.90000
2020-12-15,43.97000
2020-12-16,44.40000
2020-12-17,44.65000
2020-12-18,44.60000
2020-12-21,43.24000
2020-12-22,43.52000
2020-12-23,44.05000
2020-12-24,44.44000
2020-12-28,44.85000
2020-12-29,44.98000
2020-12-30,45.21000
2020-12-31,45.40000
2021-01-01,45.75000
2021-01-04,46.03000
2021-01-05,46.43000
2021-01-06,46.50000
2021-01-07,46.83000
2021-01-08,47.40000
2021-01-11,47.69000
2021-01-12,47.67000
2021-01-13,47.40000
2021-01-14,47.35000
2021-01-15,46.74000
2021-01-18,46.17000
2021-01-19,46.93000
2021-01-20,47.32000
2021-01-21,47.66000
2021-01-22,47.13000
2021-01-25,46.68000
2021-01-27,45.92000
2021-01-28,45.95000
2021-01-29,45.19000
2021-02-01,47.25000
2021-02-02,48.45000
2021-02-03,48.79000
2021-02-04,49.53000
2021-02-05,49.74000
2021-02-08,50.32000
2021-02-09,50.48000
2021-02-10,50.74000
2021-02-11,51.18000
2021-02-12,51.12000
2021-02-15,51.99000
2021-02-16,51.71000
2021-02-17,51.47000
2021-02-18,51.49000
2021-02-19,50.51000
2021-02-22,49.82000
2021-02-23,50.15000
2021-02-24,50.79000
2021-02-25,51.07000
2021-02-26,49.54000
2021-03-01,50.12000
2021-03-02,50.67000
2021-03-03,51.47000
2021-03-04,51.28000
2021-03-05,50.51000
2021-03-08,50.53000
2021-03-09,50.61000
2021-03-10,51.03000
2021-03-12,50.54000
2021-03-15,50.24000
2021-03-16,50.23000
2021-03-17,49.33000
2021-03-18,48.85000
2021-03-19,49.37000
2021-03-22,49.16000
2021-03-23,49.42000
2021-03-24,48.44000
2021-03-25,47.64000
2021-03-26,48.53000
2021-03-30,49.24000
2021-03-31,49.13000
2021-04-01,49.61000
2021-04-05,48.38000
2021-04-06,48.52000
2021-04-07,49.34000
2021-04-08,49.55000
2021-04-09,49.35000
2021-04-12,47.16000
2021-04-13,47.89000
2021-04-15,48.04000
2021-04-16,48.53000
2021-04-19,47.75000
2021-04-20,47.88000
2021-04-22,48.17000
2021-04-23,48.09000
2021-04-26,48.50000
2021-04-27,49.19000
2021-04-28,50.02000
2021-04-29,50.02000
2021-04-30,49.08000
2021-05-03,49.07000
2021-05-04,48.58000
2021-05-05,48.91000
2021-05-06,49.11000
2021-05-07,48.89000
2021-05-10,49.06000
2021-05-11,49.11000
2021-05-12,48.60000
2021-05-14,48.62000
2021-05-17,49.53000
2021-05-18,50.52000
2021-05-19,50.42000
2021-05-20,50.18000
2021-05-21,50.72000
2021-05-24,50.81000
2021-05-25,50.92000
2021-05-26,51.18000
2021-05-27,51.30000
2021-05-28,51.18000
2021-05-31,51.58000
2021-06-01,51.45000
2021-06-02,51.80000
2021-06-03,52.40000
2021-06-04,52.36000
2021-06-07,52.43000
2021-06-08,52.39000
2021-06-09,52.19000
2021-06-10,52.75000
2021-06-11,52.74000
2021-06-14,52.71000
2021-06-15,53.17000
2021-06-16,53.12000
2021-06-17,52.91000
2021-06-18,52.82000
2021-06-21,52.88000
2021-06-22,52.82000
2021-06-23,52.67000
2021-06-24,52.94000
2021-06-25,53.06000
2021-06-28,53.09000
2021-06-29,52.80000
2021-06-30,52.72000
2021-07-01,52.89000
2021-07-02,53.18000
2021-07-05,53.55000
2021-07-06,53.62000
2021-07-07,53.66000
2021-07-08,53.31000
2021-07-09,53.30000
2021-07-12,53.52000
2021-07-13,53.78000
2021-07-14,53.86000
2021-07-15,53.92000
2021-07-16,54.14000
2021-07-19,53.78000
2021-07-20,53.58000
2021-07-22,54.18000
2021-07-23,54.35000
2021-07-26,54.41000
2021-07-27,54.32000
2021-07-28,54.15000
2021-07-29,54.36000
2021-07-30,54.41000
2021-08-02,51.58000
2021-08-03,52.22000
2021-08-04,52.24000
2021-08-05,51.96000
2021-08-06,51.83000
2021-08-09,51.73000
2021-08-10,51.66000
2021-08-11,51.51000
2021-08-12,51.82000
2021-08-13,52.11000
2021-08-16,51.98000
2021-08-17,52.27000
2021-08-18,52.32000
2021-08-20,52.13000
2021-08-23,51.90000
2021-08-24,52.31000
2021-08-25,52.30000
2021-08-26,52.52000
2021-08-27,52.71000
2021-08-30,53.71000
2021-08-31,54.40000
2021-09-01,54.78000
2021-09-02,55.25000
2021-09-03,55.35000
2021-09-06,55.44000
2021-09-07,55.52000
2021-09-08,55.72000
2021-09-09,55.73000
2021-09-13,55.71000
2021-09-14,55.86000
2021-09-15,56.10000
2021-09-16,56.34000
2021-09-17,56.17000
2021-09-20,55.55000
2021-09-21,55.81000
2021-09-22,55.76000
2021-09-23,56.43000
2021-09-24,56.25000
2021-09-27,56.27000
2021-09-28,55.75000
2021-09-29,55.51000
2021-09-30,55.56000
2021-10-01,55.40000
2021-10-04,55.92000
2021-10-05,56.12000
2021-10-06,55.63000
2021-10-07,56.76000
2021-10-08,56.77000
2021-10-11,57.32000
2021-10-12,57.92000
2021-10-13,58.71000
2021-10-14,59.07000
2021-10-18,59.11000
2021-10-19,58.24000
2021-10-20,57.38000
2021-10-21,56.95000
2021-10-22,56.72000
2021-10-25,56.56000
2021-10-26,57.44000
2021-10-27,57.50000
2021-10-28,56.59000
2021-10-29,56.50000
2021-11-01,57.25000
2021-11-02,57.66000
2021-11-03,57.57000
2021-11-08,58.47000
2021-11-09,58.72000
2021-11-10,58.68000
2021-11-11,58.22000
2021-11-12,58.87000
2021-11-15,58.92000
2021-11-16,58.79000
2021-11-17,58.58000
2021-11-18,58.02000
2021-11-22,56.61000
2021-11-23,56.89000
2021-11-24,56.86000
2021-11-25,57.02000
2021-11-26,55.05000
2021-11-29,54.82000
2021-11-30,55.37000
2021-12-01,55.59000
2021-12-02,56.03000
2021-12-03,55.66000
2021-12-06,54.80000
2021-12-07,55.56000
2021-12-08,56.61000
2021-12-09,56.57000
2021-12-10,56.72000
2021-12-13,56.70000
2021-12-14,56.49000
2021-12-15,56.19000
2021-12-16,56.15000
2021-12-17,54.92000
2021-12-20,53.64000
2021-12-21,54.23000
2021-12-22,54.86000
2021-12-23,55.36000
2021-12-24,54.96000
2021-12-27,55.16000
2021-12-28,55.71000
2021-12-29,55.65000
2021-12-30,55.60000
2021-12-31,56.29000
2022-01-03,56.88000
2022-01-04,57.15000
2022-01-05,57.49000
2022-01-06,57.39000
2022-01-07,57.72000
2022-01-10,58.08000
2022-01-11,58.06000
2022-01-12,58.50000
2022-01-13,58.45000
2022-01-14,58.38000
2022-01-17,58.58000
2022-01-18,57.90000
2022-01-19,57.71000
2022-01-20,57.56000
2022-01-21,56.73000
2022-01-24,54.90000
2022-01-25,55.61000
2022-01-27,55.17000
2022-01-28,55.21000
2022-01-31,55.89000
2022-02-01,56.28000
2022-02-02,56.91000
2022-02-03,56.56000
2022-02-04,56.31000
2022-02-07,55.39000
2022-02-08,55.24000
2022-02-09,55.90000
2022-02-10,56.05000
2022-02-11,55.27000
2022-02-14,53.61000
2022-02-15,55.24000
2022-02-16,55.09000
2022-02-17,55.06000
2022-02-18,54.98000
2022-02-21,54.65000
2022-02-22,54.40000
2022-02-23,54.50000
2022-02-24,52.02000
2022-02-25,53.49000
2022-02-28,53.71000
2022-03-02,53.04000
2022-03-03,52.20000
2022-03-04,50.87000
2022-03-07,49.17000
2022-03-08,49.69000
2022-03-09,50.57000
2022-03-10,51.60000
2022-03-11,51.74000
2022-03-14,52.26000
2022-03-15,52.24000
2022-03-16,53.20000
2022-03-17,54.20000
2022-03-21,53.64000
2022-03-22,53.78000
2022-03-23,53.67000
2022-03-24,53.40000
2022-03-25,53.22000
2022-03-28,53.50000
2022-03-29,53.70000
2022-03-30,54.22000
2022-03-31,54.47000
2022-04-01,55.07000
2022-04-04,55.87000
2022-04-05,56.19000
2022-04-06,56.08000
2022-04-07,55.83000
2022-04-08,56.42000
2022-04-11,56.35000
2022-04-12,55.91000
2022-04-13,55.82000
2022-04-18,55.55000
2022-04-19,54.79000
2022-04-20,55.19000
2022-04-21,55.79000
2022-04-22,55.21000
2022-04-25,54.59000
2022-04-26,55.46000
2022-04-27,54.74000
2022-04-28,55.47000
2022-04-29,54.89000
2022-05-02,54.74000
2022-05-04,53.32000
2022-05-05,53.10000
2022-05-06,52.22000
2022-05-09,51.56000
2022-05-10,51.26000
2022-05-11,51.01000
2022-05-12,49.96000
2022-05-13,50.28000
2022-05-16,50.71000
2022-05-17,51.98000
2022-05-18,52.00000
2022-05-19,51.06000
2022-05-20,51.99000
2022-05-23,52.11000
2022-05-24,51.88000
2022-05-25,51.50000
2022-05-26,52.00000
2022-05-27,52.67000
2022-05-30,53.74000
2022-05-31,53.53000
2022-06-01,53.37000
2022-06-02,53.38000
2022-06-03,52.85000
2022-06-06,52.81000
2022-06-07,52.31000
2022-06-08,51.99000
2022-06-09,52.24000
2022-06-10,51.96000
2022-06-13,50.97000
2022-06-14,50.80000
2022-06-15,51.04000
2022-06-16,50.11000
2022-06-17,49.61000
2022-06-20,49.79000
2022-06-21,50.55000
2022-06-22,49.97000
2022-06-23,50.81000
2022-06-24,51.45000
2022-06-27,51.86000
2022-06-28,51.76000
2022-06-29,51.41000
2022-06-30,51.27000
2022-07-01,51.81000
2022-07-04,52.63000
2022-07-05,52.83000
2022-07-06,54.01000
2022-07-07,54.40000
2022-07-08,54.62000
2022-07-11,54.86000
2022-07-12,54.44000
2022-07-13,54.53000
2022-07-14,54.42000
2022-07-15,55.03000
2022-07-18,55.53000
2022-07-19,55.79000
2022-07-20,56.06000
2022-07-21,56.48000
2022-07-22,56.73000
2022-07-25,56.76000
2022-07-26,56.28000
2022-07-27,56.61000
2022-07-28,57.29000
2022-07-29,57.91000
2022-08-01,58.12000
2022-08-02,58.42000
2022-08-03,58.23000
2022-08-04,58.34000
2022-08-05,58.37000
2022-08-08,58.62000
2022-08-10,58.66000
2022-08-11,59.07000
2022-08-12,59.22000
2022-08-16,59.95000
2022-08-17,60.27000
2022-08-18,60.38000
2022-08-19,59.41000
2022-08-22,58.36000
2022-08-23,58.91000
2022-08-24,59.18000
2022-08-25,59.27000
2022-08-26,59.51000
2022-08-29,59.10000
2022-08-30,60.55000
2022-09-01,60.39000
2022-09-02,60.41000
2022-09-05,60.70000
2022-09-06,60.73000
2022-09-07,60.73000
2022-09-08,61.13000
2022-09-09,61.14000
2022-09-12,61.62000
2022-09-13,61.97000
2022-09-14,61.95000
2022-09-15,61.97000
2022-09-16,60.85000
2022-09-19,61.01000
2022-09-20,61.83000
2022-09-21,61.82000
2022-09-22,62.07000
2022-09-23,61.07000
2022-09-26,59.74000
2022-09-27,59.73000
2022-09-28,59.39000
2022-09-29,59.56000
2022-09-30,60.38000
2022-10-03,59.49000
2022-10-04,60.73000
2022-10-06,60.69000
2022-10-07,60.74000
2022-10-10,60.39000
2022-10-11,59.54000
2022-10-12,60.00000
2022-10-13,59.47000
2022-10-14,59.53000
2022-10-17,60.00000
2022-10-18,60.80000
2022-10-19,60.69000
2022-10-20,60.48000
2022-10-21,60.66000
2022-10-25,60.90000
2022-10-27,61.17000
2022-10-28,60.99000
2022-10-31,61.71000
2022-11-01,61.92000
2022-11-02,61.65000
2022-11-03,61.66000
2022-11-04,61.39000
2022-11-07,61.83000
2022-11-09,61.62000
2022-11-10,61.09000
2022-11-11,61.07000
2022-11-14,60.81000
2022-11-15,60.96000
2022-11-16,60.83000
2022-11-17,60.65000
2022-11-18,60.42000
2022-11-21,60.35000
2022-11-22,60.61000
2022-11-23,60.76000
2022-11-24,61.13000
2022-11-25,61.13000
2022-11-28,61.30000
2022-11-29,61.36000
2022-11-30,61.85000
2022-12-01,61.90000
2022-12-02,61.85000
2022-12-05,61.97000
2022-12-06,61.86000
2022-12-07,61.72000
2022-12-08,61.92000
2022-12-09,62.02000
2022-12-12,61.96000
2022-12-13,62.07000
2022-12-14,62.27000
2022-12-15,61.77000
2022-12-16,61.11000
2022-12-19,61.62000
2022-12-20,61.24000
2022-12-21,60.39000
2022-12-22,60.06000
2022-12-23,58.88000
2022-12-26,59.95000
2022-12-27,60.13000
2022-12-28,60.13000
2022-12-29,60.23000
2022-12-30,60.11000
2023-01-02,60.18000
2023-01-03,60.34000
2023-01-04,59.97000
2023-01-05,59.95000
2023-01-06,59.53000
2023-01-09,59.80000
2023-01-10,59.48000
2023-01-11,59.17000
2023-01-12,59.02000
2023-01-13,58.94000
2023-01-16,58.64000
2023-01-17,58.83000
2023-01-18,59.01000
2023-01-19,58.77000
2023-01-20,58.29000
2023-01-23,58.61000
2023-01-24,58.64000
2023-01-25,57.97000
2023-01-27,57.45000
2023-01-30,57.50000
2023-01-31,58.03000
2023-02-01,57.96000
2023-02-02,58.36000
2023-02-03,58.91000
2023-02-06,59.05000
2023-02-07,58.91000
2023-02-08,59.09000
2023-02-09,59.10000
2023-02-10,59.10000
2023-02-13,58.54000
2023-02-14,58.80000
2023-02-15,59.04000
2023-02-16,59.06000
2023-02-17,58.78000
2023-02-20,58.53000
2023-02-21,58.40000
2023-02-22,57.85000
2023-02-23,57.86000
2023-02-24,57.79000
2023-02-27,57.63000
2023-02-28,57.55000
2023-03-01,58.00000
2023-03-02,57.62000
2023-03-03,58.29000
2023-03-06,58.60000
2023-03-08,58.69000
2023-03-09,58.24000
2023-03-10,57.94000
2023-03-13,57.10000
2023-03-14,56.90000
2023-03-15,56.74000
2023-03-16,56.86000
2023-03-17,57.05000
2023-03-20,56.78000
2023-03-21,57.00000
2023-03-22,57.27000
2023-03-23,57.19000
2023-03-24,56.84000
2023-03-27,56.71000
2023-03-28,56.48000
2023-03-29,57.00000
2023-03-31,57.70000
2023-04-03,57.86000
2023-04-05,58.14000
2023-04-06,58.13000
2023-04-10,58.09000
2023-04-11,58.14000
2023-04-12,58.32000
2023-04-13,58.56000
2023-04-17,58.94000
2023-04-18,58.90000
2023-04-19,58.71000
2023-04-20,58.92000
2023-04-21,58.96000
2023-04-24,59.35000
2023-04-25,59.39000
2023-04-26,59.77000
2023-04-27,59.90000
2023-04-28,60.07000
2023-05-02,60.25000
2023-05-03,60.35000
2023-05-04,60.65000
2023-05-05,60.33000
2023-05-08,61.12000
2023-05-09,61.13000
2023-05-10,61.44000
2023-05-11,61.83000
2023-05-12,62.01000
2023-05-15,62.37000
2023-05-16,62.29000
2023-05-17,62.12000
2023-05-18,61.87000
2023-05-19,62.06000
2023-05-22,62.10000
2023-05-23,62.16000
2023-05-24,62.22000
2023-05-25,62.64000
2023-05-26,63.15000
2023-05-29,63.48000
2023-05-30,63.73000
2023-05-31,63.90000
2023-06-01,64.02000
2023-06-02,64.36000
2023-06-05,64.53000
2023-06-06,64.59000
2023-06-07,65.16000
2023-06-08,64.60000
2023-06-09,64.53000
2023-06-12,64.52000
2023-06-13,65.10000
2023-06-14,65.36000
2023-06-15,65.51000
2023-06-16,66.03000
2023-06-19,65.87000
2023-06-20,66.03000
2023-06-21,65.98000
2023-06-22,65.70000
2023-06-23,65.21000
2023-06-26,65.54000
2023-06-27,65.90000
2023-06-28,66.36000
2023-06-30,66.71000
2023-07-03,66.85000
2023-07-04,66.86000
2023-07-05,67.35000
2023-07-06,67.58000
2023-07-07,67.00000
2023-07-10,66.76000
2023-07-11,67.32000
2023-07-12,67.47000
2023-07-13,67.24000
2023-07-14,67.54000
2023-07-17,67.80000
2023-07-18,67.56000
2023-07-19,68.03000
2023-07-20,68.50000
2023-07-21,68.28000
2023-07-24,67.99000
2023-07-25,67.88000
2023-07-26,67.91000
2023-07-27,67.72000
2023-07-28,67.88000
2023-07-31,64.65000
2023-08-01,64.52000
2023-08-02,64.02000
2023-08-03,63.48000
2023-08-04,63.99000
2023-08-07,64.06000
2023-08-08,64.08000
2023-08-09,64.30000
2023-08-10,64.01000
2023-08-11,63.75000
2023-08-14,63.66000
2023-08-16,63.73000
2023-08-17,63.76000
2023-08-18,63.70000
2023-08-21,64.09000
2023-08-22,64.44000
2023-08-23,64.68000
2023-08-24,64.69000
2023-08-25,64.28000
2023-08-28,64.46000
2023-08-29,64.51000
2023-08-30,64.79000
2023-08-31,64.60000
2023-09-01,65.19000
2023-09-04,65.07000
2023-09-05,65.31000
2023-09-06,65.52000
2023-09-07,65.91000
2023-09-08,66.33000
2023-09-11,66.74000
2023-09-12,65.89000
2023-09-13,66.06000
2023-09-14,66.30000
2023-09-15,66.46000
2023-09-18,66.39000
2023-09-20,65.97000
2023-09-21,65.39000
2023-09-22,65.26000
2023-09-25,65.47000
2023-09-26,65.63000
2023-09-27,65.95000
2023-09-29,65.77000
2023-10-03,65.87000
2023-10-04,65.23000
2023-10-05,65.53000
2023-10-06,66.06000
2023-10-09,65.47000
2023-10-10,66.07000
2023-10-11,66.49000
2023-10-12,66.64000
2023-10-13,66.74000
2023-10-16,66.73000
2023-10-17,66.97000
2023-10-18,66.42000
2023-10-19,66.42000
2023-10-20,65.89000
2023-10-23,64.91000
2023-10-25,64.37000
2023-10-26,63.73000
2023-10-27,64.49000
2023-10-30,64.59000
2023-10-31,64.53000
2023-11-01,64.22000
2023-11-02,64.94000
2023-11-03,65.44000
2023-11-06,65.86000
2023-11-07,66.42000
2023-11-08,66.79000
2023-11-09,66.71000
2023-11-10,66.81000
2023-11-13,67.21000
2023-11-15,67.64000
2023-11-16,67.85000
2023-11-17,68.34000
2023-11-20,68.21000
2023-11-21,68.47000
2023-11-22,68.31000
2023-11-23,68.25000
2023-11-24,68.12000
2023-11-28,68.59000
2023-11-29,69.11000
2023-11-30,69.67000
2023-12-01,70.38000
2023-12-04,71.07000
2023-12-05,71.28000
2023-12-06,71.64000
2023-12-07,71.66000
2023-12-08,71.41000
2023-12-11,71.62000
2023-12-12,71.25000
2023-12-13,72.00000
2023-12-14,72.35000
2023-12-15,72.09000
2023-12-18,72.28000
2023-12-19,72.42000
2023-12-20,71.10000
2023-12-21,71.40000
2023-12-22,71.73000
2023-12-26,71.85000
2023-12-27,72.33000
2023-12-28,72.69000
2023-12-29,73.09000
2024-01-01,73.17000
2024-01-02,73.10000
2024-01-03,73.37000
2024-01-04,74.20000
2024-01-05,74.40000
2024-01-08,73.62000
2024-01-09,73.70000
2024-01-10,73.65000
2024-01-11,73.78000
2024-01-12,73.99000
2024-01-15,74.15000
2024-01-16,74.11000
2024-01-17,73.11000
2024-01-18,72.62000
2024-01-19,73.44000
2024-01-23,71.98000
2024-01-24,73.21000
2024-01-25,72.89000
2024-01-29,73.42000
2024-01-30,72.53000
2024-01-31,73.36000
2024-02-01,73.57000
2024-02-02,73.71000
2024-02-05,73.28000
2024-02-06,73.65000
2024-02-07,74.81000
2024-02-08,74.41000
2024-02-09,74.25000
2024-02-12,73.46000
2024-02-13,73.85000
2024-02-14,74.43000
2024-02-15,74.57000
2024-02-16,74.94000
2024-02-19,75.35000
2024-02-20,75.27000
2024-02-21,74.92000
2024-02-22,75.28000
2024-02-23,75.29000
2024-02-26,75.18000
2024-02-27,75.46000
2024-02-28,74.60000
2024-02-29,74.76000
2024-03-01,75.34000
2024-03-04,75.74000
2024-03-05,75.65000
2024-03-06,75.68000
2024-03-07,76.03000
2024-03-11,75.54000
2024-03-12,75.03000
2024-03-13,73.34000
2024-03-14,74.30000
2024-03-15,74.41000
2024-03-18,74.40000
2024-03-19,73.64000
2024-03-20,74.01000
2024-03-21,75.02000
2024-03-22,75.65000
2024-03-26,75.99000
2024-03-27,76.51000
2024-03-28,77.14000
2024-03-31,77.13000
2024-04-01,77.74000
2024-04-02,77.93000
2024-04-03,78.00000
2024-04-04,78.21000
2024-04-05,78.40000
2024-04-08,78.87000
2024-04-09,78.62000
2024-04-10,79.45000
2024-04-12,78.88000
2024-04-15,77.91000
2024-04-16,77.76000
2024-04-18,77.60000
2024-04-19,77.85000
2024-04-22,78.91000
2024-04-23,79.43000
2024-04-24,79.88000
2024-04-25,80.20000
2024-04-26,80.44000
2024-04-29,80.57000
2024-04-30,80.96000
2024-05-02,81.65000
2024-05-03,81.22000
2024-05-06,80.54000
2024-05-07,80.34000
2024-05-08,80.71000
2024-05-09,79.34000
2024-05-10,80.02000
2024-05-13,79.69000
2024-05-14,80.07000
2024-05-15,80.20000
2024-05-16,80.90000
2024-05-17,81.36000
2024-05-21,81.22000
2024-05-22,81.19000
2024-05-23,81.77000
2024-05-24,81.79000
2024-05-27,81.76000
2024-05-28,81.37000
2024-05-29,81.16000
2024-05-30,80.29000
2024-05-31,80.33000
2024-06-03,81.66000
2024-06-04,78.72000
2024-06-05,82.32000
2024-06-06,82.88000
2024-06-07,84.14000
2024-06-10,84.82000
2024-06-11,84.63000
2024-06-12,84.92000
2024-06-13,85.30000
2024-06-14,85.90000
2024-06-18,86.02000
2024-06-19,85.66000
2024-06-20,85.61000
2024-06-21,85.60000
2024-06-24,85.89000
2024-06-25,85.96000
2024-06-26,85.91000
2024-06-27,85.82000
2024-06-28,85.83000
2024-07-01,86.81000
2024-07-02,86.49000
2024-07-03,86.96000
2024-07-04,86.96000
2024-07-05,87.01000
2024-07-08,87.02000
2024-07-09,87.50000
2024-07-10,87.55000
2024-07-11,87.81000
2024-07-12,87.87000
2024-07-15,88.60000
2024-07-16,88.45000
2024-07-18,88.27000
2024-07-19,86.80000
2024-07-22,87.11000
2024-07-23,87.50000
2024-07-24,88.30000
2024-07-25,88.78000
2024-07-26,89.86000
2024-07-29,89.00000
2024-07-30,89.11000
2024-07-31,89.68000
2024-08-01,89.68000
2024-08-02,89.15000
2024-08-05,86.68000
2024-08-06,85.90000
2024-08-07,87.47000
2024-08-08,87.42000
2024-08-09,88.36000
2024-08-12,88.23000
2024-08-13,87.26000
2024-08-14,87.32000
2024-08-16,88.65000
2024-08-19,88.96000
2024-08-20,89.53000
2024-08-21,90.49000
2024-08-22,91.13000
2024-08-23,91.46000
2024-08-26,91.79000
2024-08-27,92.00000
2024-08-28,92.24000
2024-08-29,92.50000
2024-08-30,92.73000
2024-09-02,92.82000
2024-09-03,93.02000
2024-09-04,93.19000
2024-09-05,93.72000
2024-09-06,92.82000
2024-09-09,93.38000
2024-09-10,93.92000
2024-09-11,94.01000
2024-09-12,95.22000
2024-09-13,95.24000
2024-09-16,95.29000
2024-09-17,95.30000
2024-09-18,95.67000
2024-09-19,95.91000
2024-09-20,96.82000
2024-09-23,97.88000
2024-09-24,97.50000
2024-09-25,97.08000
2024-09-26,97.54000
2024-09-27,97.06000
2024-09-30,96.21000
2024-10-01,96.34000
2024-10-03,94.19000
2024-10-04,93.46000
2024-10-07,92.29000
2024-10-08,93.75000
2024-10-09,94.23000
2024-10-10,94.14000
2024-10-11,94.44000
2024-10-14,95.15000
2024-10-15,95.33000
2024-10-16,94.65000
2024-10-17,92.68000
2024-10-18,92.65000
2024-10-21,92.12000
2024-10-22,90.38000
2024-10-23,91.09000
2024-10-24,90.17000
2024-10-25,89.22000
2024-10-28,89.19000
2024-10-29,89.79000
2024-10-30,89.68000
2024-10-31,89.64000
2024-11-04,88.79000
2024-11-05,89.10000
2024-11-06,89.87000
2024-11-07,89.11000
2024-11-08,88.43000
2024-11-11,88.37000
2024-11-12,87.26000
2024-11-13,85.74000
2024-11-14,85.87000
2024-11-18,85.78000
2024-11-19,86.28000
2024-11-21,85.63000
2024-11-22,86.78000
2024-11-25,87.70000
2024-11-26,87.93000
2024-11-27,88.50000
2024-11-28,88.37000
2024-11-29,88.78000
2024-12-02,89.17000
2024-12-03,89.40000
2024-12-04,89.58000
2024-12-05,90.35000
2024-12-06,90.79000
2024-12-09,90.57000
2024-12-10,90.57000
2024-12-11,90.78000
2024-12-12,90.23000
2024-12-13,90.68000
2024-12-16,90.64000
2024-12-17,89.77000
2024-12-18,89.60000
2024-12-19,89.18000
2024-12-20,87.61000
2024-12-23,87.61000
2024-12-24,87.86000
2024-12-26,87.89000
2024-12-27,88.08000
2024-12-30,87.94000
2024-12-31,88.18000
2025-01-01,88.65000
2025-01-02,89.97000
2025-01-03,89.55000
2025-01-06,87.69000
2025-01-07,88.19000
2025-01-08,87.48000
2025-01-09,86.96000
2025-01-10,85.74000
2025-01-13,83.40000
2025-01-14,84.08000
2025-01-15,84.64000
2025-01-16,85.15000
2025-01-17,85.24000
2025-01-20,85.42000
2025-01-21,83.78000
2025-01-22,83.54000
2025-01-23,84.26000
2025-01-24,83.16000
2025-01-27,81.54000
2025-01-28,82.02000
2025-01-29,83.43000
2025-01-30,83.04000
2025-01-31,83.82000
2025-02-03,85.78000
2025-02-04,86.28000
2025-02-05,86.00000
2025-02-06,84.97000
2025-02-07,84.81000
2025-02-10,83.63000
2025-02-11,81.58000
2025-02-12,81.70000
2025-02-13,81.50000
2025-02-14,80.50000
2025-02-17,80.17000
2025-02-18,79.96000
2025-02-19,81.01000
2025-02-20,81.26000
2025-02-21,80.73000
2025-02-24,80.13000
2025-02-25,80.25000
2025-02-27,79.63000
2025-02-28,78.15000
2025-03-03,78.06000
2025-03-04,78.51000
2025-03-05,79.43000
2025-03-06,79.99000
2025-03-07,79.50000
2025-03-10,78.67000
2025-03-11,78.76000
2025-03-12,79.00000
2025-03-13,78.58000
2025-03-17,79.15000
2025-03-18,80.79000
2025-03-19,81.49000
2025-03-20,81.99000
2025-03-21,82.84000
2025-03-24,83.27000
2025-03-25,82.69000
2025-03-26,82.05000
2025-03-27,82.77000
2025-03-28,82.74000
2025-03-31,82.74000
2025-04-01,81.94000
2025-04-02,83.11000
2025-04-03,83.17000
2025-04-04,82.16000
2025-04-07,79.75000
2025-04-08,81.51000
2025-04-09,81.31000
2025-04-11,82.68000
2025-04-15,84.51000
2025-04-16,84.87000
2025-04-17,85.94000
2025-04-21,87.14000
2025-04-22,87.71000
2025-04-23,88.02000
2025-04-24,87.56000
2025-04-25,86.16000
2025-04-28,86.58000
2025-04-29,86.72000
2025-04-30,86.31000
2025-05-02,86.21000
2025-05-05,87.48000
2025-05-06,86.50000
2025-05-07,87.36000
2025-05-08,86.20000
2025-05-09,85.42000
2025-05-12,88.23000
2025-05-13,87.71000
2025-05-14,88.19000
2025-05-15,89.28000
2025-05-16,89.50000
2025-05-19,89.55000
2025-05-20,88.35000
2025-05-21,88.72000
2025-05-22,88.17000
2025-05-23,89.03000
2025-05-26,89.11000
2025-05-27,88.80000
2025-05-28,88.84000
2025-05-29,89.07000
2025-05-30,89.09000
2025-06-02,89.42000
2025-06-03,89.04000
2025-06-04,89.23000
2025-06-05,89.81000
2025-06-06,90.98000
2025-06-09,91.80000
2025-06-10,91.49000
2025-06-11,91.14000
2025-06-12,89.86000
2025-06-13,89.15000
2025-06-16,89.78000
2025-06-17,89.28000
2025-06-18,89.22000
2025-06-19,88.65000
2025-06-20,89.74000
2025-06-23,89.98000
2025-06-24,90.49000
2025-06-25,91.36000
2025-06-26,92.14000
2025-06-27,92.22000
2025-06-30,92.37000
2025-07-01,92.08000
2025-07-02,91.75000
2025-07-03,91.55000
2025-07-04,91.12000
2025-07-07,91.32000
2025-07-08,91.21000
2025-07-09,91.62000
2025-07-10,91.42000
2025-07-11,90.71000
2025-07-14,91.11000
2025-07-15,91.72000
2025-07-16,91.71000
2025-07-17,91.69000
2025-07-18,91.10000
2025-07-21,91.82000
2025-07-22,92.21000
2025-07-23,92.54000
2025-07-24,92.27000
2025-07-25,91.18000
2025-07-28,85.93000
2025-07-29,86.50000
2025-07-30,86.46000
2025-07-31,86.48000
2025-08-01,85.53000
2025-08-04,85.99000
2025-08-05,85.69000
2025-08-06,85.42000
2025-08-07,85.57000
2025-08-08,84.76000
2025-08-11,85.34000
2025-08-12,85.12000
2025-08-13,85.87000
2025-08-14,85.92000
2025-08-18,87.21000
2025-08-19,87.74000
2025-08-20,88.08000
2025-08-21,87.81000
2025-08-22,87.46000
2025-08-25,87.56000
2025-08-26,86.84000
2025-08-28,86.03000
2025-08-29,85.87000
2025-09-01,86.79000
2025-09-02,86.84000
2025-09-03,87.38000
2025-09-04,87.62000
2025-09-05,87.69000
2025-09-08,87.95000
2025-09-09,87.88000
2025-09-10,87.95000
2025-09-11,88.02000
2025-09-12,88.10000
2025-09-15,88.15000
2025-09-16,88.54000
2025-09-17,88.59000
2025-09-18,88.70000
2025-09-19,88.53000
2025-09-22,88.23000
2025-09-23,87.84000
2025-09-24,87.36000
2025-09-25,86.74000
2025-09-26,85.52000
2025-09-30,85.82000
2025-10-01,86.33000
2025-10-03,86.53000
2025-10-06,87.01000
2025-10-07,87.12000
2025-10-08,86.76000
2025-10-09,87.10000
2025-10-10,87.38000
2025-10-13,87.35000
2025-10-14,86.95000
2025-10-15,87.90000
2025-10-16,88.46000
2025-10-17,88.88000
2025-10-20,88.96000
2025-10-23,89.02000
2025-10-24,89.04000
2025-10-27,89.37000
2025-10-28,89.10000
2025-10-29,89.39000
2025-10-30,89.02000
2025-10-31,88.26000
2025-11-03,88.73000
2025-11-04,88.41000
2025-11-06,87.84000
2025-11-07,87.98000
2025-11-10,88.01000
2025-11-11,88.10000
2025-11-12,88.60000
2025-11-13,88.34000
2025-11-14,88.68000
2025-11-17,89.30000
2025-11-18,88.93000
2025-11-19,88.94000
2025-11-20,88.98000
2025-11-21,88.39000
2025-11-24,87.95000
2025-11-25,87.97000
2025-11-26,88.91000
2025-11-27,88.84000
2025-11-28,88.86000
2025-12-01,88.87000
2025-12-02,88.76000
2025-12-03,87.96000
2025-12-04,88.08000
2025-12-05,88.45000
2025-12-08,87.21000
2025-12-09,87.28000
2025-12-10,86.59000
2025-12-11,87.23000
2025-12-12,87.93000
2025-12-15,87.76000
2025-12-16,87.39000
2025-12-17,86.93000
2025-12-18,86.81000
2025-12-19,87.58000
2025-12-22,88.27000
2025-12-23,88.26000
2025-12-24,88.09000
2025-12-26,87.78000
2025-12-29,87.52000
2025-12-30,87.27000
2025-12-31,87.86000
2026-01-01,87.71000
2026-01-02,88.15000
2026-01-05,88.11000
2026-01-06,87.95000
2026-01-07,87.77000
2026-01-08,86.80000
2026-01-09,85.89000
2026-01-12,86.02000
2026-01-13,86.06000
2026-01-14,85.94000
2026-01-16,85.60000
2026-01-19,85.18000
2026-01-20,83.41000
2026-01-21,83.05000
2026-01-22,83.34000
2026-01-23,82.10000
2026-01-27,81.61000
2026-01-28,82.12000
2026-01-29,81.92000
2026-01-30,82.23000
2026-02-02,81.66000
2026-02-03,83.64000
2026-02-04,84.52000
2026-02-05,84.24000
2026-02-06,84.60000
2026-02-09,85.71000
2026-02-10,86.38000
2026-02-11,86.44000
2026-02-12,86.51000
2026-02-13,85.45000
2026-02-16,85.56000
2026-02-17,85.82000
2026-02-18,86.12000
2026-02-19,84.65000
2026-02-20,84.86000
2026-02-23,85.35000
2026-02-24,84.58000
2026-02-25,84.81000
2026-02-26,84.87000
2026-02-27,83.69000
2026-03-02,82.41000
2026-03-04,80.92000
2026-03-05,81.86000
2026-03-06,81.00000
2026-03-09,79.30000
2026-03-10,80.28000
2026-03-11,78.92000
2026-03-12,77.67000
2026-03-13,76.28000
2026-03-16,77.07000
2026-03-17,77.72000
2026-03-18,78.86000
2026-03-19,76.17000
2026-03-20,76.19000
2026-03-23,73.63000
2026-03-24,75.34000
2026-03-25,76.92000
2026-03-27,75.07000
2026-03-30,73.21000
2026-03-31,73.21000
2026-04-01,74.78000
2026-04-02,74.70000
2026-04-06,75.98000
2026-04-07,75.94000
2026-04-08,79.49000
2026-04-09,78.80000
2026-04-10,80.15000
2026-04-13,79.30000
2026-04-15,80.83000
2026-04-16,80.95000
2026-04-17,81.91000
2026-04-20,81.93000
2026-04-21,83.07000
2026-04-22,83.01000
2026-04-23,81.95000
2026-04-24,81.44000
2026-04-27,82.18000
2026-04-28,81.90000
2026-04-29,82.19000
2026-04-30,81.47000
2026-05-04,81.89000
2026-05-05,81.78000
2026-05-06,83.23000
2026-05-07,83.45000
2026-05-08,83.24000
2026-05-11,81.52000
2026-05-12,79.69000
2026-05-13,79.71000
2026-05-14,80.89000
2026-05-15,80.95000
2026-05-18,80.76000
2026-05-19,81.17000
2026-05-20,81.02000
2026-05-21,80.99000
2026-05-22,81.27000
2026-05-25,81.97000
2026-05-26,81.89000
2026-05-27,82.11000
2026-05-29,80.84000
2026-06-01,79.79000
2026-06-02,80.14000
2026-06-03,79.93000
2026-06-04,80.24000
2026-06-05,80.09000
2026-06-08,79.00000
2026-06-09,79.72000
2026-06-10,79.35000
2026-06-11,78.84000
2026-06-12,80.64000
2026-06-15,82.17000
2026-06-16,82.36000
2026-06-17,82.83000
2026-06-18,83.07000
2026-06-19,83.13000
2026-06-22,83.35000
2026-06-23,82.61000
2026-06-24,82.99000
2026-06-25,83.18000
2026-06-29,82.61000
2026-06-30,83.14000
2026-07-01,84.18000
2026-07-02,84.80000
2026-07-03,84.99000
2026-07-06,85.49000
2026-07-07,85.45000
2026-07-08,83.78000
2026-07-09,84.39000
2026-07-10,84.95000
2026-07-13,84.73000
2026-07-14,84.10000
2026-07-15,84.53000
2026-07-16,84.45000
2026-07-17,84.49000
2026-07-20,84.68000
2026-07-21,84.75000
2026-07-22,84.31000
2026-07-23,83.90000
2026-07-24,83.60000
2026-07-27,84.93000
2026-07-28,85.04000
2026-07-29,85.79000
2026-07-30,85.92000
2026-07-31,86.29000
2026-08-03,83.41000
2026-08-04,83.15000
2026-08-05,83.43000
2026-08-06,83.25000
2026-08-07,83.11000
2026-08-10,83.60000
2026-08-11,83.52000
2026-08-12,83.15000
2026-08-13,83.24000
2026-08-14,83.28000
2026-08-17,83.20000
2026-08-18,82.90000
2026-08-19,82.85000
2026-08-20,83.50000
2026-08-21,83.29000
2026-08-24,83.19000
2026-08-25,83.68000
2026-08-26,82.97000
2026-08-27,82.48000
2026-08-28,82.24000
2026-08-31,81.98000
2026-09-01,81.48000
2026-09-02,80.99000
2026-09-03,81.01000
2026-09-04,80.93000
2026-09-07,80.61000
2026-09-08,80.54000
2026-09-09,80.14000
2026-09-10,80.26000
2026-09-11,80.24000
2026-09-15,78.86000
2026-09-16,79.12000
2026-09-17,79.58000
2026-09-18,80.34000
2026-09-21,80.35000
2026-09-22,80.25000
2026-09-23,80.65000
2026-09-24,79.01000
2026-09-25,79.37000
2026-09-28,78.32000
2026-09-29,77.80000
2026-09-30,77.58000
2026-10-01,76.45000
2026-10-05,77.21000
2026-10-06,78.17000
2026-10-07,77.99000
2026-10-08,76.40000
2026-10-09,77.32000
