Date,NAV
2013-01-03,23.90940
2013-01-04,23.96520
2013-01-07,24.05500
2013-01-08,24.06860
2013-01-09,24.10150
2013-01-10,24.14610
2013-01-11,24.18010
2013-01-14,24.34120
2013-01-15,24.27840
2013-01-16,24.18690
2013-01-17,24.23230
2013-01-18,24.22110
2013-01-21,24.22400
2013-01-22,24.23250
2013-01-23,24.20610
2013-01-24,24.17570
2013-01-28,24.22340
2013-01-29,24.21960
2013-01-30,24.19010
2013-01-31,24.17660
2013-02-01,24.19080
2013-02-04,24.15840
2013-02-05,24.19220
2013-02-06,24.21600
2013-02-07,24.26500
2013-02-08,24.31630
2013-02-11,24.31330
2013-02-12,24.29660
2013-02-13,24.34530
2013-02-14,24.39050
2013-02-15,24.37800
2013-02-18,24.39860
2013-02-20,24.44530
2013-02-21,24.43430
2013-02-22,24.45130
2013-02-25,24.46290
2013-02-26,24.43570
2013-02-27,24.44950
2013-02-28,24.33680
2013-03-01,24.30000
2013-03-04,24.34530
2013-03-05,24.37080
2013-03-06,24.40150
2013-03-07,24.40450
2013-03-08,24.43830
2013-03-11,24.44100
2013-03-12,24.38020
2013-03-13,24.36050
2013-03-14,24.40620
2013-03-15,24.41210
2013-03-18,24.40210
2013-03-19,24.37390
2013-03-20,24.34580
2013-03-21,24.34500
2013-03-22,24.32900
2013-03-25,24.36470
2013-03-26,24.32580
2013-03-28,24.35110
2013-04-02,24.33710
2013-04-03,24.40270
2013-04-04,24.42080
2013-04-05,24.48230
2013-04-08,24.55920
2013-04-09,24.61410
2013-04-10,24.60220
2013-04-12,24.62880
2013-04-15,24.66200
2013-04-16,24.69260
2013-04-17,24.75130
2013-04-18,24.80960
2013-04-22,24.87550
2013-04-23,24.93010
2013-04-25,24.88640
2013-04-26,24.93360
2013-04-29,24.92240
2013-04-30,24.95180
2013-05-02,24.98350
2013-05-03,24.91830
2013-05-06,24.92190
2013-05-07,24.96920
2013-05-08,25.11040
2013-05-09,25.30810
2013-05-10,25.36940
2013-05-13,25.38730
2013-05-14,25.55510
2013-05-15,25.59560
2013-05-16,25.69400
2013-05-17,25.69020
2013-05-20,25.79860
2013-05-21,25.78630
2013-05-22,25.77160
2013-05-23,25.76160
2013-05-24,25.81770
2013-05-27,25.84700
2013-05-28,25.83170
2013-05-29,25.77480
2013-05-30,25.71910
2013-05-31,25.67000
2013-06-03,25.67510
2013-06-04,25.78760
2013-06-05,25.75130
2013-06-06,25.73950
2013-06-07,25.68700
2013-06-10,25.58460
2013-06-11,25.50700
2013-06-12,25.51190
2013-06-13,25.47390
2013-06-14,25.49650
2013-06-17,25.58180
2013-06-18,25.56250
2013-06-19,25.56500
2013-06-20,25.44640
2013-06-21,25.45930
2013-06-24,25.36740
2013-06-25,25.36420
2013-06-26,25.27760
2013-06-27,25.30290
2013-06-28,25.41490
2013-07-02,25.42220
2013-07-03,25.37240
2013-07-04,25.44360
2013-07-05,25.43630
2013-07-08,25.44330
2013-07-09,25.45790
2013-07-10,25.47680
2013-07-11,25.57450
2013-07-12,25.50970
2013-07-15,25.49560
2013-07-16,24.97660
2013-07-17,25.01280
2013-07-18,25.09190
2013-07-19,25.14380
2013-07-22,24.96810
2013-07-23,24.86310
2013-07-24,24.59830
2013-07-25,24.71820
2013-07-26,24.76330
2013-07-29,24.79260
2013-07-30,24.65950
2013-07-31,24.70980
2013-08-01,24.88580
2013-08-02,24.77240
2013-08-05,24.90600
2013-08-06,24.86720
2013-08-07,24.86930
2013-08-08,24.94760
2013-08-12,24.72510
2013-08-13,24.50610
2013-08-14,24.41120
2013-08-16,24.13100
2013-08-19,23.75320
2013-08-20,24.10630
2013-08-21,24.80880
2013-08-22,25.03790
2013-08-23,24.99880
2013-08-26,24.93400
2013-08-27,24.48760
2013-08-28,24.25360
2013-08-29,24.46700
2013-08-30,24.58580
2013-09-02,24.84610
2013-09-03,24.70040
2013-09-04,24.88530
2013-09-05,24.95190
2013-09-06,24.71990
2013-09-10,24.84270
2013-09-11,24.86620
2013-09-12,24.79250
2013-09-13,24.82510
2013-09-16,24.88970
2013-09-17,24.88160
2013-09-18,25.03260
2013-09-19,25.43650
2013-09-20,25.00690
2013-09-23,24.71430
2013-09-24,24.64820
2013-09-25,24.60820
2013-09-26,24.69000
2013-09-27,24.75260
2013-09-30,24.71400
2013-10-01,24.81460
2013-10-03,24.99680
2013-10-04,25.07030
2013-10-07,25.02610
2013-10-08,25.30870
2013-10-09,25.38660
2013-10-10,25.41960
2013-10-11,25.33660
2013-10-14,25.21580
2013-10-15,25.07700
2013-10-17,25.16830
2013-10-18,25.26980
2013-10-21,25.20090
2013-10-22,25.20220
2013-10-23,25.16630
2013-10-24,25.24790
2013-10-25,25.26120
2013-10-28,25.15300
2013-10-29,25.36320
2013-10-30,25.33310
2013-10-31,25.25700
2013-11-01,25.14710
2013-11-05,25.10760
2013-11-06,24.98440
2013-11-07,24.94400
2013-11-08,24.73600
2013-11-11,24.80290
2013-11-12,24.65630
2013-11-13,24.81360
2013-11-14,24.68920
2013-11-18,24.75810
2013-11-19,24.89020
2013-11-20,24.83880
2013-11-21,24.76450
2013-11-22,24.67140
2013-11-25,24.62830
2013-11-26,24.67900
2013-11-27,24.79800
2013-11-28,24.77090
2013-11-29,24.74260
2013-12-02,24.77260
2013-12-03,24.75280
2013-12-04,24.71500
2013-12-05,24.69640
2013-12-06,24.59570
2013-12-09,24.47590
2013-12-10,24.54090
2013-12-11,24.54930
2013-12-12,24.53920
2013-12-13,24.43770
2013-12-16,24.46330
2013-12-17,24.41610
2013-12-18,24.55810
2013-12-19,24.73590
2013-12-20,24.66740
2013-12-23,24.59110
2013-12-24,24.53510
2013-12-26,24.52730
2013-12-27,24.50740
2013-12-30,24.64990
2013-12-31,24.70450
2014-01-01,24.67280
2014-01-02,24.68600
2014-01-03,24.71660
2014-01-06,24.79770
2014-01-07,24.79770
2014-01-08,24.78610
2014-01-09,24.85900
2014-01-10,24.89300
2014-01-13,24.97240
2014-01-15,25.09490
2014-01-16,25.13890
2014-01-17,25.09030
2014-01-20,25.23670
2014-01-21,25.17350
2014-01-22,25.11460
2014-01-23,25.05800
2014-01-24,24.93750
2014-01-27,24.89690
2014-01-28,24.89580
2014-01-29,24.85370
2014-01-30,24.78260
2014-01-31,24.85500
2014-02-03,24.89010
2014-02-04,24.99080
2014-02-05,24.94130
2014-02-06,24.92810
2014-02-07,24.93530
2014-02-10,24.99310
2014-02-11,24.88890
2014-02-12,24.74560
2014-02-13,24.70670
2014-02-14,24.77300
2014-02-17,24.77660
2014-02-18,24.82240
2014-02-20,24.81620
2014-02-21,24.82170
2014-02-24,24.74930
2014-02-25,24.72660
2014-02-26,24.70670
2014-02-28,24.80400
2014-03-03,24.78680
2014-03-04,24.83410
2014-03-05,24.83710
2014-03-06,24.88710
2014-03-07,24.88090
2014-03-10,24.93510
2014-03-11,24.99390
2014-03-12,25.00380
2014-03-13,24.99450
2014-03-14,24.96860
2014-03-18,25.01830
2014-03-19,25.04910
2014-03-20,25.03380
2014-03-21,25.07160
2014-03-24,25.11250
2014-03-25,25.13140
2014-03-26,25.14610
2014-03-27,25.13990
2014-03-28,25.15210
2014-04-02,25.05720
2014-04-03,25.03970
2014-04-04,25.01390
2014-04-07,25.01940
2014-04-09,25.04740
2014-04-10,25.07040
2014-04-11,25.17330
2014-04-15,25.17790
2014-04-16,25.17360
2014-04-17,25.36470
2014-04-21,25.43470
2014-04-22,25.48920
2014-04-23,25.47280
2014-04-25,25.41920
2014-04-28,25.46420
2014-04-29,25.53250
2014-04-30,25.53230
2014-05-02,25.57170
2014-05-05,25.70980
2014-05-06,25.68380
2014-05-07,25.64730
2014-05-08,25.70100
2014-05-09,25.74460
2014-05-12,25.75920
2014-05-13,25.71330
2014-05-15,25.73510
2014-05-16,25.81830
2014-05-19,25.85180
2014-05-20,25.88250
2014-05-21,25.93980
2014-05-22,25.99180
2014-05-23,26.11640
2014-05-26,26.04880
2014-05-27,26.08520
2014-05-28,26.06600
2014-05-29,26.13720
2014-05-30,26.20230
2014-06-02,26.19170
2014-06-03,26.33820
2014-06-04,26.39240
2014-06-05,26.55330
2014-06-06,26.65050
2014-06-09,26.58700
2014-06-10,26.56560
2014-06-11,26.61610
2014-06-12,26.60120
2014-06-13,26.54540
2014-06-16,26.48630
2014-06-17,26.57810
2014-06-18,26.47890
2014-06-19,26.46090
2014-06-20,26.40620
2014-06-23,26.34490
2014-06-24,26.43840
2014-06-25,26.46400
2014-06-26,26.43330
2014-06-27,26.41350
2014-06-30,26.43570
2014-07-02,26.57060
2014-07-03,26.57510
2014-07-04,26.56870
2014-07-07,26.53270
2014-07-08,26.48750
2014-07-09,26.49410
2014-07-10,26.43800
2014-07-11,26.44160
2014-07-14,26.43630
2014-07-15,26.51920
2014-07-16,26.54270
2014-07-17,26.52740
2014-07-18,26.48230
2014-07-21,26.62190
2014-07-22,26.63090
2014-07-23,26.68320
2014-07-24,26.70920
2014-07-25,26.67910
2014-07-28,26.63830
2014-07-30,26.61510
2014-07-31,26.63360
2014-08-01,26.58980
2014-08-04,26.64380
2014-08-05,26.52070
2014-08-06,26.49530
2014-08-07,26.52800
2014-08-08,26.53180
2014-08-11,26.59130
2014-08-12,26.54680
2014-08-13,26.67910
2014-08-14,26.76820
2014-08-19,26.78300
2014-08-20,26.91770
2014-08-21,26.88020
2014-08-22,26.88800
2014-08-25,26.83930
2014-08-26,26.84800
2014-08-27,26.86410
2014-08-28,26.85590
2014-09-01,26.88520
2014-09-02,26.92500
2014-09-03,26.91160
2014-09-04,26.91770
2014-09-05,26.92900
2014-09-08,26.97660
2014-09-09,26.94580
2014-09-10,26.92370
2014-09-11,26.97640
2014-09-12,26.97450
2014-09-15,26.98730
2014-09-16,27.00790
2014-09-17,27.01550
2014-09-18,27.07070
2014-09-19,27.06690
2014-09-22,27.10030
2014-09-23,27.05730
2014-09-24,27.04560
2014-09-25,27.04580
2014-09-26,27.16480
2014-09-29,27.09850
2014-09-30,27.06040
2014-10-01,27.11860
2014-10-07,27.22820
2014-10-08,27.31580
2014-10-09,27.21940
2014-10-10,27.23120
2014-10-13,27.31770
2014-10-14,27.40130
2014-10-16,27.49260
2014-10-17,27.48880
2014-10-20,27.58550
2014-10-21,27.63680
2014-10-22,27.68080
2014-10-27,27.82560
2014-10-28,27.88580
2014-10-29,27.90000
2014-10-30,28.01420
2014-10-31,28.16470
2014-11-03,28.24750
2014-11-05,28.44570
2014-11-07,28.42600
2014-11-10,28.50120
2014-11-11,28.48440
2014-11-12,28.53390
2014-11-13,28.46240
2014-11-14,28.41030
2014-11-17,28.49340
2014-11-18,28.54780
2014-11-19,28.55030
2014-11-20,28.55150
2014-11-21,28.56230
2014-11-24,28.59200
2014-11-25,28.61180
2014-11-26,28.63740
2014-11-27,28.64990
2014-11-28,28.82360
2014-12-01,28.96550
2014-12-02,29.21960
2014-12-03,29.22590
2014-12-04,29.23390
2014-12-05,29.33160
2014-12-08,29.40270
2014-12-09,29.52820
2014-12-10,29.54440
2014-12-11,29.72820
2014-12-12,29.83310
2014-12-15,29.82790
2014-12-16,29.45040
2014-12-17,29.46660
2014-12-18,29.55940
2014-12-19,29.44980
2014-12-22,29.41870
2014-12-23,29.46510
2014-12-24,29.43110
2014-12-26,29.35520
2014-12-29,29.48800
2014-12-30,29.63230
2014-12-31,29.65570
2015-01-01,29.62110
2015-01-02,29.53400
2015-01-05,29.48750
2015-01-06,29.47250
2015-01-07,29.58400
2015-01-08,29.60410
2015-01-09,29.60580
2015-01-12,29.73150
2015-01-13,29.84510
2015-01-14,29.84730
2015-01-15,30.13910
2015-01-16,30.22880
2015-01-19,30.18670
2015-01-20,30.24750
2015-01-21,30.38960
2015-01-22,30.39100
2015-01-23,30.43500
2015-01-27,30.46870
2015-01-28,30.51590
2015-01-29,30.51970
2015-01-30,30.57820
2015-02-02,30.74400
2015-02-03,30.64460
2015-02-04,30.61620
2015-02-05,30.66160
2015-02-06,30.67620
2015-02-09,30.65640
2015-02-10,30.66790
2015-02-11,30.63240
2015-02-12,30.59530
2015-02-13,30.71520
2015-02-16,30.67860
2015-02-18,30.68750
2015-02-20,30.71470
2015-02-23,30.72170
2015-02-24,30.69550
2015-02-25,30.70360
2015-02-26,30.67090
2015-02-27,30.73180
2015-03-02,30.70760
2015-03-03,30.64920
2015-03-04,30.73600
2015-03-05,30.64520
2015-03-09,30.57980
2015-03-10,30.50200
2015-03-11,30.50500
2015-03-12,30.56060
2015-03-13,30.47980
2015-03-16,30.46420
2015-03-17,30.51900
2015-03-18,30.46990
2015-03-19,30.53920
2015-03-20,30.52480
2015-03-23,30.52290
2015-03-24,30.49620
2015-03-25,30.42210
2015-03-26,30.36770
2015-03-27,30.38680
2015-03-30,30.47960
2015-03-31,30.57060
2015-04-06,30.66330
2015-04-07,30.52630
2015-04-08,30.53720
2015-04-09,30.55000
2015-04-10,30.51810
2015-04-13,30.52600
2015-04-15,30.55270
2015-04-16,30.53610
2015-04-17,30.54800
2015-04-20,30.57140
2015-04-21,30.60410
2015-04-22,30.65420
2015-04-23,30.64930
2015-04-24,30.59290
2015-04-27,30.61770
2015-04-28,30.64120
2015-04-29,30.55340
2015-04-30,30.50780
2015-05-05,30.56200
2015-05-06,30.46520
2015-05-07,30.28570
2015-05-08,30.26550
2015-05-11,30.40310
2015-05-12,30.31290
2015-05-13,30.30000
2015-05-14,30.32230
2015-05-15,30.28270
2015-05-18,30.36170
2015-05-19,30.46790
2015-05-20,30.49270
2015-05-21,30.47080
2015-05-22,30.48360
2015-05-25,30.49180
2015-05-26,30.44750
2015-05-27,30.47780
2015-05-28,30.51890
2015-05-29,30.58290
2015-06-01,30.58590
2015-06-02,30.36980
2015-06-03,30.30090
2015-06-04,30.16000
2015-06-05,30.18550
2015-06-08,30.15510
2015-06-09,30.22250
2015-06-10,30.12730
2015-06-11,30.02220
2015-06-12,29.96310
2015-06-15,30.02400
2015-06-16,29.96260
2015-06-17,30.07870
2015-06-18,30.29520
2015-06-19,30.46200
2015-06-22,30.43070
2015-06-23,30.41430
2015-06-24,30.31420
2015-06-25,30.23800
2015-06-26,30.25290
2015-06-29,30.17460
2015-06-30,30.25980
2015-07-01,30.32950
2015-07-02,30.37810
2015-07-03,30.42440
2015-07-06,30.57270
2015-07-07,30.55830
2015-07-08,30.58760
2015-07-09,30.57850
2015-07-10,30.55420
2015-07-13,30.39260
2015-07-14,30.43400
2015-07-15,30.43150
2015-07-16,30.42570
2015-07-17,30.44810
2015-07-20,30.48450
2015-07-21,30.46490
2015-07-22,30.46490
2015-07-23,30.51510
2015-07-24,30.49870
2015-07-27,30.53900
2015-07-28,30.66630
2015-07-29,30.67420
2015-07-30,30.65350
2015-07-31,30.70080
2015-08-03,30.72010
2015-08-04,30.66760
2015-08-05,30.67000
2015-08-06,30.72390
2015-08-07,30.72680
2015-08-10,30.78290
2015-08-11,30.77780
2015-08-12,30.79190
2015-08-13,30.90020
2015-08-14,30.95790
2015-08-17,30.97320
2015-08-19,31.00200
2015-08-20,31.00200
2015-08-21,30.92930
2015-08-24,30.72070
2015-08-25,30.83170
2015-08-26,30.93520
2015-08-27,30.98950
2015-08-28,30.96750
2015-08-31,30.97170
2015-09-01,31.04920
2015-09-02,31.07000
2015-09-03,31.07200
2015-09-04,31.02860
2015-09-07,30.99780
2015-09-08,31.05980
2015-09-09,31.08470
2015-09-10,31.04690
2015-09-11,31.05840
2015-09-14,31.11880
2015-09-15,31.12120
2015-09-16,31.15990
2015-09-18,31.31360
2015-09-21,31.30030
2015-09-22,31.30250
2015-09-23,31.31260
2015-09-24,31.29950
2015-09-28,31.31520
2015-09-29,31.54480
2015-09-30,31.73920
2015-10-01,31.69330
2015-10-05,31.81930
2015-10-06,31.79130
2015-10-07,31.76600
2015-10-08,31.81260
2015-10-09,31.84660
2015-10-12,31.76500
2015-10-13,31.79050
2015-10-14,31.80580
2015-10-15,31.81030
2015-10-16,31.80960
2015-10-19,31.81020
2015-10-20,31.84690
2015-10-21,31.84110
2015-10-23,31.84550
2015-10-26,31.79020
2015-10-27,31.81650
2015-10-28,31.82160
2015-10-29,31.76160
2015-10-30,31.74800
2015-11-02,31.80490
2015-11-03,31.79740
2015-11-04,31.75560
2015-11-05,31.71590
2015-11-06,31.72530
2015-11-09,31.61520
2015-11-10,31.67120
2015-11-13,31.75700
2015-11-16,31.76480
2015-11-17,31.75710
2015-11-18,31.73130
2015-11-19,31.72970
2015-11-20,31.66470
2015-11-23,31.62680
2015-11-24,31.66810
2015-11-26,31.63960
2015-11-27,31.55760
2015-11-30,31.54060
2015-12-01,31.61100
2015-12-02,31.59610
2015-12-03,31.66370
2015-12-04,31.54550
2015-12-07,31.56790
2015-12-08,31.51790
2015-12-09,31.52660
2015-12-10,31.50620
2015-12-11,31.56430
2015-12-14,31.43720
2015-12-15,31.47880
2015-12-16,31.58210
2015-12-17,31.59390
2015-12-18,31.54180
2015-12-21,31.47040
2015-12-22,31.52340
2015-12-23,31.54060
2015-12-28,31.55190
2015-12-29,31.52150
2015-12-30,31.53170
2015-12-31,31.54510
2016-01-01,31.58940
2016-01-04,31.57970
2016-01-05,31.60270
2016-01-06,31.59900
2016-01-07,31.63060
2016-01-08,31.64610
2016-01-11,31.62860
2016-01-12,31.60590
2016-01-13,31.56630
2016-01-14,31.49860
2016-01-15,31.38970
2016-01-18,31.36460
2016-01-19,31.40720
2016-01-20,31.45200
2016-01-21,31.62180
2016-01-22,31.55860
2016-01-25,31.49230
2016-01-27,31.50590
2016-01-28,31.43890
2016-01-29,31.43630
2016-02-01,31.43500
2016-02-02,31.30100
2016-02-03,31.28190
2016-02-04,31.31320
2016-02-05,31.35370
2016-02-08,31.35770
2016-02-09,31.35450
2016-02-10,31.36370
2016-02-11,31.37490
2016-02-12,31.36420
2016-02-15,31.34250
2016-02-16,31.26490
2016-02-17,31.21560
2016-02-18,31.25510
2016-02-22,31.20260
2016-02-23,31.08060
2016-02-24,31.05810
2016-02-25,30.98270
2016-02-26,31.08760
2016-02-29,31.47570
2016-03-01,31.49510
2016-03-02,31.48470
2016-03-03,31.45650
2016-03-04,31.46440
2016-03-08,31.43310
2016-03-09,31.45620
2016-03-10,31.47550
2016-03-11,31.46600
2016-03-14,31.55020
2016-03-15,31.55690
2016-03-16,31.58260
2016-03-17,31.63510
2016-03-18,31.61030
2016-03-21,31.66570
2016-03-22,31.68110
2016-03-23,31.70070
2016-03-28,31.78220
2016-03-29,31.76610
2016-03-30,31.79900
2016-03-31,31.87000
2016-04-04,31.95200
2016-04-05,31.91400
2016-04-06,31.94890
2016-04-07,32.02550
2016-04-11,32.12850
2016-04-12,32.15260
2016-04-13,32.08970
2016-04-18,32.16570
2016-04-20,32.14460
2016-04-21,32.07280
2016-04-22,32.13500
2016-04-25,32.10890
2016-04-26,32.12490
2016-04-27,32.14600
2016-04-28,32.18250
2016-04-29,32.23330
2016-05-02,32.24100
2016-05-03,32.20280
2016-05-04,32.22910
2016-05-05,32.22470
2016-05-06,32.24380
2016-05-09,32.29610
2016-05-10,32.30100
2016-05-11,32.30380
2016-05-12,32.32230
2016-05-13,32.28800
2016-05-16,32.29670
2016-05-17,32.29300
2016-05-18,32.24430
2016-05-19,32.26800
2016-05-20,32.26330
2016-05-23,32.30900
2016-05-24,32.30510
2016-05-25,32.31600
2016-05-26,32.30360
2016-05-27,32.30390
2016-05-30,32.33510
2016-05-31,32.32520
2016-06-01,32.29630
2016-06-02,32.31250
2016-06-03,32.32400
2016-06-06,32.37570
2016-06-07,32.36040
2016-06-08,32.35660
2016-06-09,32.36750
2016-06-10,32.36050
2016-06-13,32.31440
2016-06-14,32.33760
2016-06-15,32.34670
2016-06-16,32.36990
2016-06-17,32.38740
2016-06-20,32.41230
2016-06-21,32.43300
2016-06-22,32.50770
2016-06-23,32.51550
2016-06-24,32.55100
2016-06-27,32.66470
2016-06-28,32.72520
2016-06-29,32.81710
2016-06-30,32.80480
2016-07-01,32.86610
2016-07-04,32.88500
2016-07-05,32.95450
2016-07-07,32.99610
2016-07-08,33.02970
2016-07-11,33.07690
2016-07-12,33.20960
2016-07-13,33.33520
2016-07-14,33.35500
2016-07-15,33.39910
2016-07-18,33.38560
2016-07-19,33.46230
2016-07-20,33.52370
2016-07-21,33.58910
2016-07-22,33.60460
2016-07-25,33.64650
2016-07-26,33.66530
2016-07-27,33.67490
2016-07-28,33.92240
2016-07-29,33.98750
2016-08-01,34.09640
2016-08-02,34.01570
2016-08-03,33.95260
2016-08-04,34.02460
2016-08-05,34.05120
2016-08-08,34.07570
2016-08-09,34.22870
2016-08-10,34.32400
2016-08-11,34.39040
2016-08-12,34.36900
2016-08-16,34.37540
2016-08-18,34.29410
2016-08-19,34.40190
2016-08-22,34.27120
2016-08-23,34.28390
2016-08-24,34.34520
2016-08-25,34.38760
2016-08-26,34.39180
2016-08-29,34.44480
2016-08-30,34.47820
2016-08-31,34.48210
2016-09-01,34.46580
2016-09-02,34.45810
2016-09-06,34.52210
2016-09-07,34.63130
2016-09-08,34.64120
2016-09-09,34.62220
2016-09-12,34.56380
2016-09-14,34.56150
2016-09-15,34.58730
2016-09-16,34.60850
2016-09-19,34.61490
2016-09-20,34.57340
2016-09-21,34.63840
2016-09-22,34.81050
2016-09-23,34.86590
2016-09-26,35.00220
2016-09-27,35.04740
2016-09-28,35.10770
2016-09-29,34.90810
2016-09-30,34.99990
2016-10-03,35.15160
2016-10-04,35.19650
2016-10-05,35.33170
2016-10-06,35.27190
2016-10-07,35.18960
2016-10-10,35.26830
2016-10-13,35.22200
2016-10-14,35.13870
2016-10-17,35.15930
2016-10-18,35.22730
2016-10-19,35.21120
2016-10-20,35.17890
2016-10-21,35.18890
2016-10-24,35.20150
2016-10-25,35.16810
2016-10-26,35.18860
2016-10-27,35.13990
2016-10-28,35.14620
2016-11-01,35.10510
2016-11-02,35.11260
2016-11-03,35.10690
2016-11-04,35.04540
2016-11-07,35.06730
2016-11-08,35.14490
2016-11-09,35.46140
2016-11-10,35.54770
2016-11-11,35.38630
2016-11-15,35.92340
2016-11-16,36.13950
2016-11-17,36.19910
2016-11-18,36.16850
2016-11-21,36.62680
2016-11-22,36.70450
2016-11-23,36.91070
2016-11-24,37.24790
2016-11-25,37.13740
2016-11-28,36.93560
2016-11-29,36.92460
2016-11-30,37.11370
2016-12-01,37.16670
2016-12-02,37.10910
2016-12-05,37.14900
2016-12-06,37.16450
2016-12-07,36.73700
2016-12-08,36.71780
2016-12-09,36.65600
2016-12-13,36.70070
2016-12-14,36.70270
2016-12-15,36.46270
2016-12-16,36.48800
2016-12-19,36.50290
2016-12-20,36.53840
2016-12-21,36.56340
2016-12-22,36.48550
2016-12-23,36.43550
2016-12-26,36.36910
2016-12-27,36.35140
2016-12-28,36.37780
2016-12-29,36.51410
2016-12-30,36.54140
2017-01-02,37.01800
2017-01-03,37.03420
2017-01-04,37.20680
2017-01-05,37.17390
2017-01-06,37.16670
2017-01-09,37.17930
2017-01-10,37.17480
2017-01-11,37.19200
2017-01-12,37.23800
2017-01-13,37.15600
2017-01-16,37.12720
2017-01-17,37.17960
2017-01-18,37.12140
2017-01-19,37.07300
2017-01-20,37.09830
2017-01-23,37.14490
2017-01-24,37.18740
2017-01-25,37.24540
2017-01-27,37.30760
2017-01-30,37.29930
2017-01-31,37.31370
2017-02-01,37.31490
2017-02-02,37.36780
2017-02-03,37.35680
2017-02-06,37.34720
2017-02-07,37.31790
2017-02-08,36.73870
2017-02-09,36.53700
2017-02-10,36.65050
2017-02-13,36.63040
2017-02-14,36.57730
2017-02-15,36.60390
2017-02-16,36.64550
2017-02-17,36.64130
2017-02-20,36.57910
2017-02-22,36.52010
2017-02-23,36.57570
2017-02-27,36.64860
2017-02-28,36.68560
2017-03-01,36.57620
2017-03-02,36.69060
2017-03-03,36.82310
2017-03-06,36.67790
2017-03-07,36.72050
2017-03-08,36.70670
2017-03-09,36.70510
2017-03-10,36.64290
2017-03-14,36.66280
2017-03-15,36.81780
2017-03-16,36.81630
2017-03-17,36.82550
2017-03-20,36.79990
2017-03-21,36.83350
2017-03-22,37.03510
2017-03-23,37.08760
2017-03-24,37.14490
2017-03-27,37.40600
2017-03-29,37.40530
2017-03-30,37.43120
2017-03-31,37.40710
2017-04-03,37.42450
2017-04-05,37.38660
2017-04-06,37.18900
2017-04-07,37.10830
2017-04-10,37.12930
2017-04-11,37.21570
2017-04-12,37.24710
2017-04-13,37.29060
2017-04-17,37.32370
2017-04-18,37.33650
2017-04-19,37.38450
2017-04-20,37.39130
2017-04-21,37.35220
2017-04-24,37.36550
2017-04-25,37.42460
2017-04-26,37.40110
2017-04-27,37.39960
2017-04-28,37.40030
2017-05-02,37.37570
2017-05-03,37.41780
2017-05-04,37.41320
2017-05-05,37.45400
2017-05-08,37.49500
2017-05-09,37.51100
2017-05-11,37.52040
2017-05-12,37.57750
2017-05-15,37.77890
2017-05-16,37.71290
2017-05-17,37.72460
2017-05-18,37.75410
2017-05-19,37.74110
2017-05-22,37.87610
2017-05-23,37.87650
2017-05-24,37.86200
2017-05-25,37.90980
2017-05-26,37.95870
2017-05-29,37.93670
2017-05-30,37.95240
2017-05-31,37.98070
2017-06-01,38.10790
2017-06-02,38.10900
2017-06-05,38.10400
2017-06-06,38.13580
2017-06-07,38.40160
2017-06-08,38.60320
2017-06-09,38.64780
2017-06-12,38.62340
2017-06-13,38.71230
2017-06-14,38.73980
2017-06-15,38.72050
2017-06-16,38.71120
2017-06-19,38.76200
2017-06-20,38.80560
2017-06-21,38.83740
2017-06-22,38.79570
2017-06-23,38.79080
2017-06-27,38.77970
2017-06-28,38.64190
2017-06-29,38.65040
2017-06-30,38.65810
2017-07-03,38.47510
2017-07-04,38.46660
2017-07-05,38.49870
2017-07-06,38.52190
2017-07-07,38.56810
2017-07-10,38.81400
2017-07-11,38.76500
2017-07-12,38.82440
2017-07-13,38.85390
2017-07-14,38.80600
2017-07-17,38.83670
2017-07-18,38.85740
2017-07-19,38.90290
2017-07-20,38.90670
2017-07-21,38.99910
2017-07-24,39.05620
2017-07-25,38.99910
2017-07-26,38.97320
2017-07-27,38.98420
2017-07-28,38.93880
2017-07-31,38.91530
2017-08-01,38.97230
2017-08-02,38.94140
2017-08-03,39.09360
2017-08-04,39.08700
2017-08-07,39.05640
2017-08-08,39.05440
2017-08-09,39.03640
2017-08-10,38.95510
2017-08-11,38.93500
2017-08-14,38.93120
2017-08-16,38.90450
2017-08-18,38.96610
2017-08-21,38.96270
2017-08-22,38.92660
2017-08-23,38.93500
2017-08-24,38.93840
2017-08-28,38.90460
2017-08-29,38.97960
2017-08-30,38.97210
2017-08-31,38.99930
2017-09-01,39.10300
2017-09-04,39.09020
2017-09-05,39.09720
2017-09-06,39.11070
2017-09-07,39.10350
2017-09-08,39.06620
2017-09-11,39.05200
2017-09-12,39.04930
2017-09-13,39.00090
2017-09-14,38.99940
2017-09-15,38.96510
2017-09-18,38.95200
2017-09-19,38.97280
2017-09-20,39.01100
2017-09-21,38.83150
2017-09-22,38.84010
2017-09-25,38.93910
2017-09-26,38.85180
2017-09-27,38.85010
2017-09-28,38.90450
2017-09-29,38.87850
2017-10-03,38.93540
2017-10-04,38.82260
2017-10-05,38.75230
2017-10-06,38.70710
2017-10-09,38.68210
2017-10-10,38.75030
2017-10-11,38.76050
2017-10-12,38.74440
2017-10-13,38.82130
2017-10-16,38.83910
2017-10-17,38.79040
2017-10-18,38.81140
2017-10-23,38.76420
2017-10-24,38.80460
2017-10-25,38.75050
2017-10-26,38.80060
2017-10-27,38.79580
2017-10-30,38.67710
2017-10-31,38.75720
2017-11-01,38.70000
2017-11-02,38.77980
2017-11-03,38.80220
2017-11-06,38.74540
2017-11-07,38.69270
2017-11-08,38.67800
2017-11-09,38.70500
2017-11-10,38.67260
2017-11-13,38.64920
2017-11-14,38.54450
2017-11-15,38.59010
2017-11-16,38.51690
2017-11-17,38.53940
2017-11-20,38.81800
2017-11-21,38.78600
2017-11-22,38.63850
2017-11-23,38.62610
2017-11-24,38.65250
2017-11-27,38.60150
2017-11-28,38.64030
2017-11-29,38.66390
2017-11-30,38.61710
2017-12-04,38.58670
2017-12-05,38.64040
2017-12-06,38.69840
2017-12-07,38.67330
2017-12-08,38.61790
2017-12-11,38.52480
2017-12-12,38.48780
2017-12-13,38.48060
2017-12-14,38.56310
2017-12-15,38.57600
2017-12-18,38.51790
2017-12-19,38.53990
2017-12-20,38.46340
2017-12-21,38.43340
2017-12-22,38.36510
2017-12-26,38.35040
2017-12-27,38.43900
2017-12-28,38.08140
2017-12-29,38.19980
2018-01-01,38.22800
2018-01-02,38.15790
2018-01-03,38.22960
2018-01-04,38.20030
2018-01-05,38.36470
2018-01-08,38.31940
2018-01-09,38.27810
2018-01-10,38.15730
2018-01-11,38.15290
2018-01-12,38.15140
2018-01-15,38.17020
2018-01-16,37.97470
2018-01-17,38.19670
2018-01-18,38.11110
2018-01-19,38.10810
2018-01-22,38.13460
2018-01-23,38.22780
2018-01-24,38.17900
2018-01-25,38.15470
2018-01-29,37.99880
2018-01-30,37.99870
2018-01-31,37.99460
2018-02-01,37.75180
2018-02-02,37.77760
2018-02-05,37.75300
2018-02-06,37.80290
2018-02-07,37.87790
2018-02-08,38.01100
2018-02-09,37.95220
2018-02-12,37.97500
2018-02-14,38.00230
2018-02-15,37.89360
2018-02-16,37.89010
2018-02-20,37.77190
2018-02-21,37.71950
2018-02-22,37.66080
2018-02-23,37.78260
2018-02-26,37.78550
2018-02-27,37.82990
2018-02-28,37.77680
2018-03-01,37.75410
2018-03-05,37.73960
2018-03-06,37.74360
2018-03-07,37.86620
2018-03-08,37.90800
2018-03-09,37.89870
2018-03-12,37.96940
2018-03-13,37.93700
2018-03-14,37.93170
2018-03-15,38.02110
2018-03-16,38.14390
2018-03-19,38.09810
2018-03-20,38.10280
2018-03-21,38.15750
2018-03-22,38.20130
2018-03-23,38.21510
2018-03-26,38.12600
2018-03-27,38.75630
2018-03-28,38.67750
2018-04-03,38.83590
2018-04-04,38.92280
2018-04-05,39.22750
2018-04-06,39.13370
2018-04-09,39.08960
2018-04-10,38.91160
2018-04-11,38.77050
2018-04-12,38.80900
2018-04-13,38.82320
2018-04-16,38.80220
2018-04-17,38.79140
2018-04-18,38.75730
2018-04-19,38.66350
2018-04-20,38.61800
2018-04-23,38.58460
2018-04-24,38.65620
2018-04-25,38.57130
2018-04-26,38.55350
2018-04-27,38.57500
2018-05-02,38.63000
2018-05-03,38.63650
2018-05-04,38.62850
2018-05-07,38.76730
2018-05-08,38.84890
2018-05-09,38.65950
2018-05-10,38.65130
2018-05-11,38.64390
2018-05-14,38.53080
2018-05-15,38.42820
2018-05-16,38.43480
2018-05-17,38.48420
2018-05-18,38.55410
2018-05-21,38.59200
2018-05-22,38.60070
2018-05-23,38.55540
2018-05-24,38.51660
2018-05-25,38.65750
2018-05-28,38.76760
2018-05-29,38.74330
2018-05-30,38.72550
2018-05-31,38.65430
2018-06-01,38.63490
2018-06-04,38.60870
2018-06-05,38.67980
2018-06-06,38.58140
2018-06-07,38.48180
2018-06-08,38.54630
2018-06-11,38.54540
2018-06-12,38.54920
2018-06-13,38.62270
2018-06-14,38.59830
2018-06-15,38.65820
2018-06-18,38.68580
2018-06-19,38.71810
2018-06-20,38.75260
2018-06-21,38.82780
2018-06-22,38.79380
2018-06-25,38.80180
2018-06-26,38.80000
2018-06-27,38.77580
2018-06-28,38.70450
2018-06-29,38.73490
2018-07-02,38.74600
2018-07-03,38.77000
2018-07-04,38.79750
2018-07-05,38.77010
2018-07-06,38.80120
2018-07-09,38.81000
2018-07-10,38.81290
2018-07-11,38.84570
2018-07-12,38.94180
2018-07-13,38.93250
2018-07-16,38.94600
2018-07-17,39.02110
2018-07-18,39.01620
2018-07-19,39.00200
2018-07-20,39.01160
2018-07-23,39.00830
2018-07-24,39.02550
2018-07-25,39.03190
2018-07-26,39.05140
2018-07-27,39.06240
2018-07-30,39.08140
2018-07-31,39.09580
2018-08-01,39.18060
2018-08-02,39.18050
2018-08-03,39.14110
2018-08-06,39.16170
2018-08-07,39.14960
2018-08-08,39.16870
2018-08-09,39.22230
2018-08-10,39.22180
2018-08-13,39.16700
2018-08-14,39.17500
2018-08-16,39.12800
2018-08-20,39.18470
2018-08-21,39.20960
2018-08-23,39.18150
2018-08-24,39.18960
2018-08-27,39.19540
2018-08-28,39.19760
2018-08-29,39.19240
2018-08-30,39.17920
2018-08-31,39.16740
2018-09-03,39.15070
2018-09-04,39.10880
2018-09-05,39.12110
2018-09-06,39.11980
2018-09-07,39.15120
2018-09-10,39.07000
2018-09-11,39.04900
2018-09-12,39.06230
2018-09-14,39.08530
2018-09-17,39.12350
2018-09-18,39.10630
2018-09-19,39.15280
2018-09-21,39.16530
2018-09-24,39.15870
2018-09-25,39.15850
2018-09-26,39.19870
2018-09-27,39.23840
2018-09-28,39.25120
2018-10-01,39.29030
2018-10-03,39.22070
2018-10-04,39.19750
2018-10-05,39.29660
2018-10-08,39.34980
2018-10-09,39.29660
2018-10-10,39.33010
2018-10-11,39.36440
2018-10-12,39.37280
2018-10-15,39.43030
2018-10-16,39.46710
2018-10-17,39.45190
2018-10-19,39.45840
2018-10-22,39.47400
2018-10-23,39.50290
2018-10-24,39.52300
2018-10-25,39.53270
2018-10-26,39.52870
2018-10-29,39.60770
2018-10-30,39.58890
2018-10-31,39.57330
2018-11-01,39.60950
2018-11-02,39.65770
2018-11-05,39.65310
2018-11-06,39.66950
2018-11-09,39.71730
2018-11-12,39.70460
2018-11-13,39.74670
2018-11-14,39.77880
2018-11-15,39.76950
2018-11-16,39.73300
2018-11-19,39.77110
2018-11-20,39.77740
2018-11-22,39.84890
2018-11-26,39.86480
2018-11-27,39.86590
2018-11-28,39.93620
2018-11-29,39.96850
2018-11-30,39.97640
2018-12-03,39.98240
2018-12-04,40.02790
2018-12-05,40.20720
2018-12-06,40.25030
2018-12-07,40.21070
2018-12-10,40.08760
2018-12-11,40.17050
2018-12-12,40.45780
2018-12-13,40.47270
2018-12-14,40.40400
2018-12-17,40.37750
2018-12-18,40.66600
2018-12-19,40.94690
2018-12-20,40.86640
2018-12-21,40.86540
2018-12-24,40.87020
2018-12-26,40.92470
2018-12-27,40.90110
2018-12-28,40.66630
2018-12-31,40.72250
2019-01-01,40.63620
2019-01-02,40.75680
2019-01-03,40.63400
2019-01-04,40.60250
2019-01-07,40.52140
2019-01-08,40.62120
2019-01-09,40.59910
2019-01-10,40.59680
2019-01-11,40.55770
2019-01-14,40.70360
2019-01-15,40.63820
2019-01-16,40.48940
2019-01-17,40.50880
2019-01-18,40.45390
2019-01-21,40.50960
2019-01-22,40.56510
2019-01-23,40.52110
2019-01-24,40.54870
2019-01-25,40.56830
2019-01-28,40.59400
2019-01-29,40.61910
2019-01-30,40.58830
2019-01-31,40.68630
2019-02-01,40.54110
2019-02-04,40.49600
2019-02-05,40.56480
2019-02-06,40.62750
2019-02-07,40.71080
2019-02-08,40.67290
2019-02-11,40.68400
2019-02-12,40.68370
2019-02-13,40.81810
2019-02-14,40.75000
2019-02-15,40.68870
2019-02-18,40.70590
2019-02-20,40.76350
2019-02-21,40.77450
2019-02-22,40.70320
2019-02-25,40.75410
2019-02-26,40.75730
2019-02-27,40.67210
2019-02-28,40.78930
2019-03-01,40.83650
2019-03-05,40.86400
2019-03-06,40.85510
2019-03-07,40.86500
2019-03-08,40.90930
2019-03-11,40.94920
2019-03-12,40.91070
2019-03-13,40.94210
2019-03-14,40.97140
2019-03-15,41.02120
2019-03-18,41.13000
2019-03-19,41.15290
2019-03-20,41.23020
2019-03-22,41.34390
2019-03-25,41.47140
2019-03-26,41.54240
2019-03-27,41.52500
2019-03-28,41.58990
2019-03-29,41.60640
2019-04-02,41.68750
2019-04-03,41.70630
2019-04-04,41.52210
2019-04-05,41.59840
2019-04-08,41.49470
2019-04-09,41.51990
2019-04-10,41.55960
2019-04-11,41.54120
2019-04-12,41.49300
2019-04-15,41.52940
2019-04-16,41.54930
2019-04-18,41.54890
2019-04-22,41.49320
2019-04-23,41.52770
2019-04-24,41.57530
2019-04-25,41.56990
2019-04-26,41.60610
2019-04-30,41.65850
2019-05-02,41.71130
2019-05-03,41.72940
2019-05-06,41.76460
2019-05-07,41.79440
2019-05-08,41.81860
2019-05-09,41.80490
2019-05-10,41.79780
2019-05-13,41.82510
2019-05-14,41.88140
2019-05-15,41.87960
2019-05-16,41.91930
2019-05-17,41.91790
2019-05-20,42.04630
2019-05-21,42.03780
2019-05-22,42.06500
2019-05-23,42.11380
2019-05-24,42.13810
2019-05-27,42.32200
2019-05-28,42.39080
2019-05-29,42.45690
2019-05-30,42.44950
2019-05-31,42.67880
2019-06-03,42.83550
2019-06-04,42.73610
2019-06-06,43.07380
2019-06-07,42.94470
2019-06-10,42.71950
2019-06-11,42.79460
2019-06-12,42.88620
2019-06-13,42.91350
2019-06-14,43.20820
2019-06-17,43.30700
2019-06-18,43.67860
2019-06-19,43.68140
2019-06-20,43.84430
2019-06-21,43.63980
2019-06-24,43.65310
2019-06-25,43.65660
2019-06-26,43.61250
2019-06-27,43.67630
2019-06-28,43.72700
2019-07-01,43.74130
2019-07-02,43.82450
2019-07-03,43.87260
2019-07-04,43.96110
2019-07-05,44.19580
2019-07-08,44.56920
2019-07-09,44.52580
2019-07-10,44.69350
2019-07-11,44.87690
2019-07-12,44.87900
2019-07-15,45.04040
2019-07-16,45.30240
2019-07-17,45.25320
2019-07-18,45.17910
2019-07-19,45.23690
2019-07-22,45.11430
2019-07-23,44.92710
2019-07-24,45.01310
2019-07-25,44.78820
2019-07-26,44.75220
2019-07-29,45.10280
2019-07-30,45.14210
2019-07-31,45.21970
2019-08-01,45.08690
2019-08-02,45.29680
2019-08-05,45.19880
2019-08-06,45.35520
2019-08-07,45.34050
2019-08-08,45.32590
2019-08-09,45.10650
2019-08-13,45.09320
2019-08-14,44.92550
2019-08-16,45.03960
2019-08-19,44.96230
2019-08-20,45.01440
2019-08-21,45.07010
2019-08-22,45.10040
2019-08-23,45.08110
2019-08-26,45.29010
2019-08-27,45.26250
2019-08-28,45.19950
2019-08-29,45.19980
2019-08-30,45.17750
2019-09-03,45.31890
2019-09-04,45.29080
2019-09-05,45.25220
2019-09-06,45.18800
2019-09-09,45.26900
2019-09-11,45.04250
2019-09-12,45.05580
2019-09-13,45.11610
2019-09-16,44.98400
2019-09-17,44.94640
2019-09-18,45.21190
2019-09-19,45.19970
2019-09-20,44.82470
2019-09-23,44.94030
2019-09-24,44.85210
2019-09-25,44.87750
2019-09-26,44.96100
2019-09-27,44.95920
2019-09-30,45.06340
2019-10-01,45.21270
2019-10-03,45.36910
2019-10-04,45.22490
2019-10-07,45.29010
2019-10-09,45.34240
2019-10-10,45.25090
2019-10-11,45.16620
2019-10-14,45.25550
2019-10-15,45.25260
2019-10-16,45.29820
2019-10-17,45.22610
2019-10-18,45.25240
2019-10-22,45.26140
2019-10-23,45.31820
2019-10-24,45.32200
2019-10-25,45.33440
2019-10-29,45.34320
2019-10-30,45.37160
2019-10-31,45.42890
2019-11-01,45.42970
2019-11-04,45.41560
2019-11-05,45.36170
2019-11-06,45.41220
2019-11-07,45.38330
2019-11-08,45.33100
2019-11-11,45.32280
2019-11-13,45.39340
2019-11-14,45.41940
2019-11-15,45.45070
2019-11-18,45.52570
2019-11-19,45.58420
2019-11-20,45.63220
2019-11-21,45.53810
2019-11-22,45.57860
2019-11-25,45.66440
2019-11-26,45.63440
2019-11-27,45.65420
2019-11-28,45.70110
2019-11-29,45.66690
2019-12-02,45.65180
2019-12-03,45.71030
2019-12-04,45.73080
2019-12-05,45.39220
2019-12-06,45.32650
2019-12-09,45.32900
2019-12-10,45.28560
2019-12-11,45.20110
2019-12-12,45.19820
2019-12-13,45.17370
2019-12-16,45.17840
2019-12-17,45.25510
2019-12-18,45.30880
2019-12-19,45.28220
2019-12-20,45.48510
2019-12-23,45.57800
2019-12-24,45.55990
2019-12-26,45.56590
2019-12-27,45.69090
2019-12-30,45.67390
2019-12-31,45.66690
2020-01-01,45.74560
2020-01-02,45.76500
2020-01-03,45.78200
2020-01-06,45.67200
2020-01-07,45.68140
2020-01-08,45.67070
2020-01-09,45.73900
2020-01-10,45.64930
2020-01-13,45.64490
2020-01-14,45.47850
2020-01-15,45.53740
2020-01-16,45.57010
2020-01-17,45.62330
2020-01-20,45.64410
2020-01-21,45.67020
2020-01-22,45.66660
2020-01-23,45.72900
2020-01-24,45.76060
2020-01-27,45.81320
2020-01-28,45.79020
2020-01-29,45.80140
2020-01-30,45.82570
2020-01-31,45.75750
2020-02-03,46.13230
2020-02-04,46.16630
2020-02-05,46.16070
2020-02-06,46.35660
2020-02-07,46.47400
2020-02-10,46.52000
2020-02-11,46.52750
2020-02-12,46.53300
2020-02-13,46.66900
2020-02-14,46.79900
2020-02-17,46.80690
2020-02-18,46.80240
2020-02-20,46.74600
2020-02-24,46.86430
2020-02-25,46.86640
2020-02-26,46.92200
2020-02-27,46.85930
2020-02-28,46.85560
2020-03-02,46.93590
2020-03-03,46.92920
2020-03-04,47.23790
2020-03-05,47.26640
2020-03-06,47.44390
2020-03-09,47.68410
2020-03-11,47.47970
2020-03-12,47.18870
2020-03-13,46.81900
2020-03-16,47.07030
2020-03-17,46.80560
2020-03-18,46.79760
2020-03-19,46.35940
2020-03-20,46.75700
2020-03-23,46.15720
2020-03-24,46.30910
2020-03-26,46.56470
2020-03-27,47.19910
2020-03-30,46.77760
2020-03-31,46.98090
2020-04-03,46.56060
2020-04-07,46.43040
2020-04-08,46.49040
2020-04-09,46.62430
2020-04-13,46.76440
2020-04-15,46.98260
2020-04-16,47.09720
2020-04-17,47.29920
2020-04-20,47.81730
2020-04-21,48.02020
2020-04-22,48.01220
2020-04-23,48.32650
2020-04-24,48.18510
2020-04-27,48.22000
2020-04-28,48.22880
2020-04-29,48.23390
2020-04-30,48.28500
2020-05-04,48.39360
2020-05-05,48.57750
2020-05-06,48.72200
2020-05-08,48.87950
2020-05-11,48.56390
2020-05-12,48.61290
2020-05-13,48.71070
2020-05-14,48.74600
2020-05-15,48.75560
2020-05-18,48.82880
2020-05-19,48.90870
2020-05-20,48.90090
2020-05-21,48.95380
2020-05-22,49.21250
2020-05-26,49.24450
2020-05-27,49.21720
2020-05-28,49.22450
2020-05-29,49.18770
2020-06-01,49.09270
2020-06-02,49.14590
2020-06-03,49.13400
2020-06-04,49.16540
2020-06-05,49.15600
2020-06-08,49.25320
2020-06-09,49.31990
2020-06-10,49.34440
2020-06-11,49.34840
2020-06-12,49.31260
2020-06-15,49.34270
2020-06-16,49.21180
2020-06-17,49.24480
2020-06-18,49.33450
2020-06-19,49.35240
2020-06-22,49.33050
2020-06-23,49.27350
2020-06-24,49.23470
2020-06-25,49.30670
2020-06-26,49.31520
2020-06-29,49.36910
2020-06-30,49.43340
2020-07-01,49.56490
2020-07-02,49.55910
2020-07-03,49.53540
2020-07-06,49.59100
2020-07-07,49.72770
2020-07-08,49.80430
2020-07-09,49.82200
2020-07-10,49.91930
2020-07-13,49.91400
2020-07-14,49.80290
2020-07-15,49.84670
2020-07-16,49.88830
2020-07-17,49.90820
2020-07-20,49.91310
2020-07-21,49.85460
2020-07-22,49.87890
2020-07-23,49.90570
2020-07-24,49.92840
2020-07-27,49.85280
2020-07-28,49.86540
2020-07-29,49.90620
2020-07-30,49.90760
2020-07-31,49.87770
2020-08-03,49.86220
2020-08-04,49.90030
2020-08-05,49.92460
2020-08-06,49.77100
2020-08-07,49.67290
2020-08-10,49.64830
2020-08-11,49.65620
2020-08-12,49.69220
2020-08-13,49.70180
2020-08-14,49.53130
2020-08-17,49.51510
2020-08-18,49.51310
2020-08-19,49.46400
2020-08-20,49.49720
2020-08-21,49.08800
2020-08-24,48.74190
2020-08-25,48.85110
2020-08-26,48.73750
2020-08-27,48.77240
2020-08-28,48.74180
2020-08-31,48.90080
2020-09-01,49.67280
2020-09-02,49.72260
2020-09-03,49.81370
2020-09-04,49.78110
2020-09-07,49.62480
2020-09-08,49.33960
2020-09-09,49.50960
2020-09-10,49.46260
2020-09-11,49.40810
2020-09-14,49.42710
2020-09-15,49.41830
2020-09-16,49.51070
2020-09-17,49.40970
2020-09-18,49.38880
2020-09-21,49.40750
2020-09-22,49.40110
2020-09-23,49.43060
2020-09-24,49.43650
2020-09-25,49.33130
2020-09-28,49.24680
2020-09-29,49.25330
2020-09-30,49.36470
2020-10-01,49.43880
2020-10-05,49.43320
2020-10-06,49.33600
2020-10-07,49.38470
2020-10-08,49.37470
2020-10-09,49.69160
2020-10-12,49.87120
2020-10-13,49.86840
2020-10-14,49.86870
2020-10-15,49.89250
2020-10-16,49.79350
2020-10-19,49.82850
2020-10-20,49.86010
2020-10-21,49.93100
2020-10-22,49.96040
2020-10-23,50.09540
2020-10-26,50.28410
2020-10-27,50.27680
2020-10-28,50.26970
2020-10-29,50.15010
2020-11-02,50.12160
2020-11-03,50.07360
2020-11-04,50.11900
2020-11-05,50.22650
2020-11-06,50.26220
2020-11-09,50.23680
2020-11-10,50.13050
2020-11-11,50.13820
2020-11-12,50.14170
2020-11-13,50.22500
2020-11-17,50.25340
2020-11-18,50.27500
2020-11-19,50.28750
2020-11-20,50.28030
2020-11-23,50.25960
2020-11-24,50.32550
2020-11-25,50.34620
2020-11-26,50.41580
2020-11-27,50.30820
2020-12-01,50.30060
2020-12-02,50.31830
2020-12-03,50.32790
2020-12-04,50.39080
2020-12-07,50.34890
2020-12-08,50.30400
2020-12-09,50.39800
2020-12-10,50.40420
2020-12-11,50.30310
2020-12-14,50.31970
2020-12-15,50.32720
2020-12-16,50.31840
2020-12-17,50.31560
2020-12-18,50.27560
2020-12-21,50.28500
2020-12-22,50.30700
2020-12-23,50.31000
2020-12-24,50.30400
2020-12-28,50.41080
2020-12-29,50.41020
2020-12-30,50.44540
2020-12-31,50.49990
2021-01-01,50.51860
2021-01-04,50.63000
2021-01-05,50.66600
2021-01-06,50.56410
2021-01-07,50.56310
2021-01-08,50.55100
2021-01-11,50.45420
2021-01-12,50.43330
2021-01-13,50.39220
2021-01-14,50.44110
2021-01-15,50.34140
2021-01-18,50.36240
2021-01-19,50.41340
2021-01-20,50.42370
2021-01-21,50.39650
2021-01-22,50.41590
2021-01-25,50.41410
2021-01-27,50.42490
2021-01-28,50.45170
2021-01-29,50.43450
2021-02-01,50.11500
2021-02-02,49.96800
2021-02-03,50.07640
2021-02-04,50.11770
2021-02-05,50.02640
2021-02-08,50.09740
2021-02-09,50.04950
2021-02-10,50.16140
2021-02-11,50.24120
2021-02-12,50.17080
2021-02-15,50.12520
2021-02-16,50.12660
2021-02-17,50.13000
2021-02-18,50.04450
2021-02-22,49.94680
2021-02-23,49.96180
2021-02-24,49.97730
2021-02-25,49.95800
2021-02-26,49.85090
2021-03-01,49.92120
2021-03-02,49.93640
2021-03-03,49.90840
2021-03-04,49.94600
2021-03-05,49.88810
2021-03-08,49.89540
2021-03-09,49.88510
2021-03-10,49.87860
2021-03-12,49.85670
2021-03-15,49.87700
2021-03-16,49.90470
2021-03-17,49.89740
2021-03-18,49.90140
2021-03-19,49.98470
2021-03-22,50.08730
2021-03-23,50.16760
2021-03-24,50.19040
2021-03-25,50.18750
2021-03-26,50.24200
2021-03-30,50.22250
2021-03-31,50.20330
2021-04-05,50.31180
2021-04-06,50.34060
2021-04-07,50.38860
2021-04-08,50.43690
2021-04-09,50.41050
2021-04-12,50.39580
2021-04-15,50.32340
2021-04-16,50.33310
2021-04-19,50.36470
2021-04-20,50.36670
2021-04-22,50.42760
2021-04-23,50.46880
2021-04-26,50.55390
2021-04-27,50.56540
2021-04-28,50.53950
2021-04-29,50.56310
2021-04-30,50.57400
2021-05-03,50.61320
2021-05-04,50.59430
2021-05-05,50.64620
2021-05-06,50.70070
2021-05-07,50.67650
2021-05-10,50.67400
2021-05-11,50.66850
2021-05-12,50.70850
2021-05-14,50.64950
2021-05-17,50.68800
2021-05-18,50.67650
2021-05-19,50.67190
2021-05-20,50.71440
2021-05-21,50.74370
2021-05-24,50.76670
2021-05-25,50.80520
2021-05-27,50.78640
2021-05-28,50.76850
2021-05-31,50.73800
2021-06-01,50.72280
2021-06-02,50.74600
2021-06-03,50.77680
2021-06-04,50.77400
2021-06-07,50.82180
2021-06-08,50.87080
2021-06-09,50.87060
2021-06-10,50.89720
2021-06-11,50.93220
2021-06-14,50.92210
2021-06-15,50.82510
2021-06-16,50.77940
2021-06-17,50.79780
2021-06-18,50.82990
2021-06-21,50.81590
2021-06-22,50.81620
2021-06-23,50.80780
2021-06-24,50.83540
2021-06-25,50.77570
2021-06-28,50.75490
2021-06-29,50.79480
2021-06-30,50.77730
2021-07-01,50.79200
2021-07-02,50.77680
2021-07-05,50.79360
2021-07-06,50.71270
2021-07-07,50.73410
2021-07-08,50.77870
2021-07-09,50.77640
2021-07-12,50.76810
2021-07-13,50.78810
2021-07-14,50.80430
2021-07-15,50.81520
2021-07-16,50.81770
2021-07-19,50.86960
2021-07-20,50.91240
2021-07-22,50.87780
2021-07-23,50.88030
2021-07-26,50.92840
2021-07-27,50.93370
2021-07-28,50.92920
2021-07-29,50.92190
2021-07-30,50.92470
2021-08-02,51.01280
2021-08-03,51.02550
2021-08-04,51.04150
2021-08-05,51.05950
2021-08-06,51.03680
2021-08-09,51.10390
2021-08-10,51.13260
2021-08-11,51.10660
2021-08-12,51.11670
2021-08-13,51.15810
2021-08-17,51.21940
2021-08-18,51.26490
2021-08-20,51.28490
2021-08-23,51.32460
2021-08-24,51.33440
2021-08-25,51.35420
2021-08-26,51.33400
2021-08-27,51.42570
2021-08-30,51.46840
2021-08-31,51.46690
2021-09-01,51.49460
2021-09-02,51.51570
2021-09-03,51.57510
2021-09-06,51.61180
2021-09-07,51.54500
2021-09-08,51.53830
2021-09-09,51.58260
2021-09-13,51.56250
2021-09-14,51.57610
2021-09-15,51.65350
2021-09-16,51.65820
2021-09-17,51.66940
2021-09-20,51.74400
2021-09-21,51.75500
2021-09-22,51.75900
2021-09-23,51.76110
2021-09-24,51.71590
2021-09-27,51.71640
2021-09-28,51.72300
2021-09-29,51.75700
2021-09-30,51.74960
2021-10-01,51.75750
2021-10-04,51.75840
2021-10-05,51.74690
2021-10-06,51.73430
2021-10-07,51.74290
2021-10-08,51.72280
2021-10-11,51.72810
2021-10-12,51.74830
2021-10-13,51.77460
2021-10-14,51.72050
2021-10-18,51.67810
2021-10-20,51.70530
2021-10-21,51.75890
2021-10-22,51.74760
2021-10-25,51.74840
2021-10-26,51.75210
2021-10-27,51.78870
2021-10-28,51.77750
2021-10-29,51.72040
2021-11-01,51.70230
2021-11-02,51.70860
2021-11-03,51.70710
2021-11-08,51.82690
2021-11-09,51.85590
2021-11-10,51.82620
2021-11-11,51.80540
2021-11-12,51.78660
2021-11-15,51.84480
2021-11-16,51.83500
2021-11-17,51.84670
2021-11-18,51.87580
2021-11-22,51.90350
2021-11-23,51.88880
2021-11-24,51.88220
2021-11-25,51.88940
2021-11-26,51.92700
2021-11-29,51.91780
2021-11-30,51.93710
2021-12-01,51.91060
2021-12-02,51.91110
2021-12-03,51.89620
2021-12-06,51.91590
2021-12-07,51.89480
2021-12-08,51.94420
2021-12-09,51.92770
2021-12-10,51.89620
2021-12-13,51.92730
2021-12-14,51.94480
2021-12-15,51.93620
2021-12-16,51.95510
2021-12-17,51.86960
2021-12-20,51.82610
2021-12-21,51.75580
2021-12-22,51.76150
2021-12-23,51.76610
2021-12-24,51.75410
2021-12-27,51.76210
2021-12-28,51.75550
2021-12-29,51.78240
2021-12-30,51.76590
2021-12-31,51.79290
2022-01-03,51.77350
2022-01-04,51.70310
2022-01-05,51.71600
2022-01-06,51.70620
2022-01-07,51.68360
2022-01-10,51.65910
2022-01-11,51.69480
2022-01-12,51.68540
2022-01-13,51.71360
2022-01-14,51.71170
2022-01-17,51.64130
2022-01-18,51.62730
2022-01-19,51.66370
2022-01-20,51.70310
2022-01-21,51.72540
2022-01-24,51.71660
2022-01-25,51.73310
2022-01-27,51.62180
2022-01-28,51.62940
2022-01-31,51.73010
2022-02-01,51.50980
2022-02-02,51.37470
2022-02-03,51.37570
2022-02-04,51.35410
2022-02-08,51.46450
2022-02-09,51.49350
2022-02-10,51.56660
2022-02-11,51.59150
2022-02-14,51.67200
2022-02-15,51.66630
2022-02-16,51.64260
2022-02-17,51.59240
2022-02-18,51.61560
2022-02-21,51.61150
2022-02-22,51.55850
2022-02-23,51.58320
2022-02-24,51.54480
2022-02-25,51.54770
2022-02-28,51.61460
2022-03-02,51.54850
2022-03-03,51.50590
2022-03-04,51.53530
2022-03-07,51.41940
2022-03-08,51.39350
2022-03-09,51.42980
2022-03-10,51.49470
2022-03-11,51.45300
2022-03-14,51.47370
2022-03-15,51.51460
2022-03-16,51.55090
2022-03-17,51.62010
2022-03-21,51.61330
2022-03-22,51.53970
2022-03-23,51.57890
2022-03-24,51.58030
2022-03-25,51.59520
2022-03-28,51.57610
2022-03-29,51.60180
2022-03-30,51.67570
2022-03-31,51.71130
2022-04-04,51.70100
2022-04-05,51.70810
2022-04-06,51.70370
2022-04-07,51.72310
2022-04-08,51.62330
2022-04-11,51.60760
2022-04-12,51.60520
2022-04-13,51.57980
2022-04-18,51.64430
2022-04-19,51.68190
2022-04-20,51.68280
2022-04-21,51.68560
2022-04-22,51.69280
2022-04-25,51.73530
2022-04-26,51.74780
2022-04-27,51.74100
2022-04-28,51.72210
2022-04-29,51.72670
2022-05-02,51.74670
2022-05-04,51.66060
2022-05-05,51.59250
2022-05-06,51.56140
2022-05-09,51.56420
2022-05-10,51.58280
2022-05-11,51.60660
2022-05-12,51.60150
2022-05-13,51.59740
2022-05-17,51.59350
2022-05-18,51.59000
2022-05-19,51.57300
2022-05-20,51.52720
2022-05-23,51.56370
2022-05-24,51.57810
2022-05-25,51.58150
2022-05-26,51.58720
2022-05-27,51.56890
2022-05-30,51.57010
2022-05-31,51.57420
2022-06-01,51.57760
2022-06-02,51.56890
2022-06-03,51.55670
2022-06-06,51.53700
2022-06-07,51.48370
2022-06-08,51.52630
2022-06-09,51.55110
2022-06-10,51.52680
2022-06-13,51.47450
2022-06-14,51.47890
2022-06-15,51.47960
2022-06-16,51.48800
2022-06-17,51.43240
2022-06-20,51.50310
2022-06-21,51.48210
2022-06-22,51.51820
2022-06-23,51.52760
2022-06-24,51.52560
2022-06-27,51.54790
2022-06-28,51.49520
2022-06-29,51.50590
2022-06-30,51.58340
2022-07-01,51.61190
2022-07-04,51.67430
2022-07-05,51.67630
2022-07-06,51.74930
2022-07-07,51.70770
2022-07-08,51.68390
2022-07-11,51.68430
2022-07-12,51.73940
2022-07-13,51.77440
2022-07-14,51.78200
2022-07-15,51.76790
2022-07-18,51.78980
2022-07-19,51.79060
2022-07-20,51.78890
2022-07-21,51.78520
2022-07-22,51.80830
2022-07-25,51.82670
2022-07-26,51.83280
2022-07-27,51.85450
2022-07-28,51.87950
2022-07-29,51.86500
2022-08-01,51.95440
2022-08-02,52.00280
2022-08-03,51.98170
2022-08-04,52.02800
2022-08-05,51.88790
2022-08-08,51.89940
2022-08-10,51.96510
2022-08-11,52.02720
2022-08-12,52.02890
2022-08-17,52.20520
2022-08-18,52.14660
2022-08-19,52.16430
2022-08-22,52.20350
2022-08-23,52.21600
2022-08-24,52.24300
2022-08-25,52.24600
2022-08-26,52.38780
2022-08-29,52.40020
2022-08-30,52.53450
2022-09-01,52.51860
2022-09-02,52.47190
2022-09-05,52.54000
2022-09-06,52.60800
2022-09-07,52.65400
2022-09-08,52.69030
2022-09-09,52.67440
2022-09-12,52.68670
2022-09-13,52.74940
2022-09-14,52.73240
2022-09-15,52.68730
2022-09-16,52.69220
2022-09-19,52.70120
2022-09-20,52.66440
2022-09-21,52.72110
2022-09-22,52.59490
2022-09-23,52.50030
2022-09-26,52.47690
2022-09-27,52.55490
2022-09-28,52.54700
2022-09-29,52.56850
2022-09-30,52.57910
2022-10-03,52.53970
2022-10-04,52.61590
2022-10-06,52.57220
2022-10-07,52.55290
2022-10-10,52.54800
2022-10-11,52.58740
2022-10-12,52.60410
2022-10-13,52.62410
2022-10-14,52.58830
2022-10-17,52.70030
2022-10-18,52.69810
2022-10-19,52.66990
2022-10-20,52.64650
2022-10-21,52.62480
2022-10-25,52.73250
2022-10-27,52.77970
2022-10-28,52.78390
2022-10-31,52.76460
2022-11-01,52.82100
2022-11-02,52.82790
2022-11-03,52.75670
2022-11-04,52.77740
2022-11-07,52.83160
2022-11-09,52.89420
2022-11-10,52.93820
2022-11-11,52.97720
2022-11-14,53.00910
2022-11-15,53.05510
2022-11-16,53.06230
2022-11-17,53.06780
2022-11-18,53.04560
2022-11-21,53.05070
2022-11-22,53.09340
2022-11-23,53.10680
2022-11-24,53.15830
2022-11-25,53.12790
2022-11-28,53.19420
2022-11-29,53.18890
2022-11-30,53.19840
2022-12-01,53.32800
2022-12-02,53.32660
2022-12-05,53.35210
2022-12-06,53.32360
2022-12-07,53.31550
2022-12-08,53.31180
2022-12-09,53.29200
2022-12-12,53.33650
2022-12-13,53.38790
2022-12-14,53.44920
2022-12-15,53.41400
2022-12-16,53.40870
2022-12-19,53.42830
2022-12-20,53.41400
2022-12-21,53.46130
2022-12-22,53.43360
2022-12-23,53.42600
2022-12-26,53.43290
2022-12-27,53.47190
2022-12-28,53.46760
2022-12-29,53.47900
2022-12-30,53.46470
2023-01-02,53.47320
2023-01-03,53.49450
2023-01-04,53.52190
2023-01-05,53.52070
2023-01-06,53.48700
2023-01-09,53.55720
2023-01-10,53.60040
2023-01-11,53.63530
2023-01-12,53.65440
2023-01-13,53.66170
2023-01-16,53.65220
2023-01-17,53.65010
2023-01-18,53.68080
2023-01-19,53.72400
2023-01-20,53.66240
2023-01-23,53.68430
2023-01-24,53.69470
2023-01-25,53.70090
2023-01-27,53.64320
2023-01-30,53.63860
2023-01-31,53.71850
2023-02-01,53.81970
2023-02-02,53.80850
2023-02-03,53.83180
2023-02-06,53.80640
2023-02-07,53.82360
2023-02-08,53.77500
2023-02-09,53.78280
2023-02-10,53.75660
2023-02-13,53.76370
2023-02-14,53.75120
2023-02-15,53.79740
2023-02-16,53.81910
2023-02-17,53.75370
2023-02-20,53.81670
2023-02-21,53.78640
2023-02-22,53.73330
2023-02-23,53.78170
2023-02-24,53.76300
2023-02-27,53.75250
2023-02-28,53.75160
2023-03-01,53.79230
2023-03-02,53.79660
2023-03-03,53.84110
2023-03-06,53.86580
2023-03-08,53.81730
2023-03-09,53.85190
2023-03-10,53.89120
2023-03-13,54.06400
2023-03-14,54.05830
2023-03-15,54.09170
2023-03-16,54.12080
2023-03-17,54.13540
2023-03-20,54.21540
2023-03-21,54.18180
2023-03-23,54.22480
2023-03-24,54.28760
2023-03-27,54.30280
2023-03-28,54.29920
2023-03-29,54.38230
2023-03-31,54.38100
2023-04-03,54.41680
2023-04-05,54.48250
2023-04-06,54.66470
2023-04-10,54.72410
2023-04-11,54.72150
2023-04-12,54.75200
2023-04-13,54.74290
2023-04-17,54.75340
2023-04-18,54.80420
2023-04-19,54.81720
2023-04-20,54.84710
2023-04-21,54.88850
2023-04-24,54.95030
2023-04-25,54.98640
2023-04-26,55.00110
2023-04-27,55.01940
2023-04-28,55.02060
2023-05-02,55.06320
2023-05-03,55.17900
2023-05-04,55.16600
2023-05-08,55.19120
2023-05-09,55.21370
2023-05-10,55.22180
2023-05-11,55.23600
2023-05-12,55.29800
2023-05-15,55.33030
2023-05-16,55.39350
2023-05-17,55.41750
2023-05-18,55.40720
2023-05-19,55.39050
2023-05-22,55.49150
2023-05-23,55.43720
2023-05-24,55.46900
2023-05-25,55.45580
2023-05-26,55.46660
2023-05-29,55.45540
2023-05-30,55.46290
2023-05-31,55.51900
2023-06-01,55.54580
2023-06-02,55.55780
2023-06-05,55.55480
2023-06-06,55.57620
2023-06-07,55.57910
2023-06-08,55.50440
2023-06-09,55.49700
2023-06-12,55.54080
2023-06-13,55.56700
2023-06-14,55.56490
2023-06-15,55.54330
2023-06-16,55.56550
2023-06-19,55.58440
2023-06-20,55.58590
2023-06-21,55.57670
2023-06-22,55.55650
2023-06-23,55.56510
2023-06-26,55.58770
2023-06-27,55.60030
2023-06-28,55.62800
2023-06-30,55.54840
2023-07-03,55.56360
2023-07-04,55.53790
2023-07-05,55.57550
2023-07-06,55.52480
2023-07-07,55.49240
2023-07-10,55.51650
2023-07-11,55.63850
2023-07-12,55.61590
2023-07-13,55.74550
2023-07-14,55.74960
2023-07-17,55.81900
2023-07-18,55.89220
2023-07-19,55.87810
2023-07-20,55.85240
2023-07-21,55.84270
2023-07-24,55.89190
2023-07-25,55.84750
2023-07-26,55.85440
2023-07-27,55.83110
2023-07-28,55.78140
2023-07-31,55.78780
2023-08-01,55.84250
2023-08-02,55.85410
2023-08-03,55.78330
2023-08-04,55.79650
2023-08-07,55.82980
2023-08-08,55.88160
2023-08-09,55.87840
2023-08-10,55.92200
2023-08-11,55.86040
2023-08-14,55.85950
2023-08-17,55.74140
2023-08-18,55.83770
2023-08-21,55.87300
2023-08-22,55.89030
2023-08-23,55.97110
2023-08-24,55.99990
2023-08-25,55.97310
2023-08-28,56.05710
2023-08-29,56.07530
2023-08-30,56.07840
2023-08-31,56.11880
2023-09-01,56.11730
2023-09-04,56.09610
2023-09-05,56.09750
2023-09-06,56.09540
2023-09-07,56.16410
2023-09-08,56.10680
2023-09-11,56.03430
2023-09-12,56.05520
2023-09-13,56.16410
2023-09-14,56.36920
2023-09-15,56.21510
2023-09-18,56.25360
2023-09-20,56.27660
2023-09-21,56.33700
2023-09-22,56.35020
2023-09-25,56.37650
2023-09-26,56.39630
2023-09-27,56.35910
2023-09-29,56.31870
2023-10-03,56.25230
2023-10-04,56.24200
2023-10-05,56.37450
2023-10-06,55.88230
2023-10-09,55.86810
2023-10-10,55.88520
2023-10-11,55.95790
2023-10-12,55.96670
2023-10-13,55.96740
2023-10-16,55.96930
2023-10-17,55.99250
2023-10-18,55.96460
2023-10-19,55.94600
2023-10-20,55.96460
2023-10-23,55.93820
2023-10-25,56.02840
2023-10-26,55.99040
2023-10-27,56.03800
2023-10-30,56.03720
2023-10-31,56.06280
2023-11-01,56.07270
2023-11-02,56.17340
2023-11-03,56.20050
2023-11-06,56.26450
2023-11-07,56.31600
2023-11-08,56.36850
2023-11-09,56.37750
2023-11-10,56.29700
2023-11-13,56.36460
2023-11-15,56.55360
2023-11-16,56.55020
2023-11-17,56.61510
2023-11-20,56.53170
2023-11-21,56.49670
2023-11-22,56.56530
2023-11-23,56.55960
2023-11-24,56.51280
2023-11-28,56.53520
2023-11-29,56.60520
2023-11-30,56.52410
2023-12-01,56.49900
2023-12-04,56.59350
2023-12-05,56.63240
2023-12-06,56.68700
2023-12-07,56.73970
2023-12-08,56.65490
2023-12-11,56.63400
2023-12-12,56.65940
2023-12-13,56.72220
2023-12-14,56.97100
2023-12-15,57.09950
2023-12-18,57.17080
2023-12-19,57.14200
2023-12-20,57.14920
2023-12-21,57.08010
2023-12-22,57.08020
2023-12-26,57.13680
2023-12-27,57.06440
2023-12-28,57.06640
2023-12-29,57.18730
2024-01-01,57.11580
2024-01-02,57.08350
2024-01-03,57.08110
2024-01-04,57.07700
2024-01-05,57.04940
2024-01-08,57.21770
2024-01-09,57.26430
2024-01-10,57.33060
2024-01-11,57.38680
2024-01-12,57.33510
2024-01-15,57.48230
2024-01-16,57.50850
2024-01-17,57.45710
2024-01-18,57.40330
2024-01-19,57.44110
2024-01-23,57.48770
2024-01-24,57.48500
2024-01-25,57.53030
2024-01-29,57.62150
2024-01-30,57.65970
2024-01-31,57.71370
2024-02-01,58.10080
2024-02-02,58.20200
2024-02-05,58.10980
2024-02-06,58.12030
2024-02-07,58.20330
2024-02-08,58.20580
2024-02-09,58.10770
2024-02-12,58.19080
2024-02-13,58.19030
2024-02-14,58.16370
2024-02-15,58.30320
2024-02-16,58.26280
2024-02-20,58.43810
2024-02-21,58.51000
2024-02-22,58.45230
2024-02-23,58.40960
2024-02-26,58.49030
2024-02-27,58.47310
2024-02-28,58.48670
2024-02-29,58.45880
2024-03-01,58.55770
2024-03-04,58.58320
2024-03-05,58.60680
2024-03-06,58.62140
2024-03-07,58.71430
2024-03-11,58.82350
2024-03-12,58.77270
2024-03-13,58.73300
2024-03-14,58.72970
2024-03-15,58.67150
2024-03-18,58.59130
2024-03-19,58.56950
2024-03-20,58.58140
2024-03-21,58.75100
2024-03-22,58.63860
2024-03-26,58.64580
2024-03-27,58.72710
2024-03-28,58.87220
2024-03-31,58.89290
2024-04-02,58.70610
2024-04-03,58.72360
2024-04-04,58.77640
2024-04-05,58.71150
2024-04-08,58.59940
2024-04-10,58.75440
2024-04-12,58.55020
2024-04-15,58.60130
2024-04-16,58.52090
2024-04-18,58.59030
2024-04-19,58.43310
2024-04-22,58.57270
2024-04-23,58.67630
2024-04-24,58.62100
2024-04-25,58.57050
2024-04-26,58.61080
2024-04-29,58.64980
2024-04-30,58.63830
2024-05-02,58.77830
2024-05-03,58.86940
2024-05-06,59.06860
2024-05-07,58.98800
2024-05-08,58.97160
2024-05-09,59.00520
2024-05-10,59.06910
2024-05-13,59.14420
2024-05-14,59.19650
2024-05-15,59.28820
2024-05-16,59.34260
2024-05-17,59.28760
2024-05-21,59.39000
2024-05-22,59.54140
2024-05-24,59.58290
2024-05-27,59.65090
2024-05-28,59.59830
2024-05-29,59.55570
2024-05-30,59.58990
2024-05-31,59.64180
2024-06-03,59.85550
2024-06-04,59.46170
2024-06-05,59.53070
2024-06-06,59.59470
2024-06-07,59.59130
2024-06-10,59.57380
2024-06-11,59.64780
2024-06-12,59.66240
2024-06-13,59.77990
2024-06-14,59.79490
2024-06-18,59.84590
2024-06-19,59.89080
2024-06-20,59.89100
2024-06-21,59.93210
2024-06-24,59.96730
2024-06-25,59.92420
2024-06-26,59.88850
2024-06-27,59.88660
2024-06-28,59.88760
2024-07-01,59.89200
2024-07-02,59.91600
2024-07-03,59.95910
2024-07-04,59.96750
2024-07-05,59.98320
2024-07-08,60.03810
2024-07-09,60.06280
2024-07-10,60.11480
2024-07-11,60.11240
2024-07-12,60.10750
2024-07-15,60.14780
2024-07-16,60.23510
2024-07-18,60.27520
2024-07-19,60.27900
2024-07-22,60.30020
2024-07-23,60.32860
2024-07-24,60.38060
2024-07-25,60.45190
2024-07-26,60.49090
2024-07-29,60.57420
2024-07-30,60.52520
2024-07-31,60.54920
2024-08-01,60.58130
2024-08-02,60.64620
2024-08-05,60.79660
2024-08-06,60.79340
2024-08-07,60.84570
2024-08-08,60.80380
2024-08-09,60.80360
2024-08-12,60.83540
2024-08-13,60.84380
2024-08-14,60.94640
2024-08-16,60.94310
2024-08-19,61.03940
2024-08-20,61.11350
2024-08-21,61.12910
2024-08-22,61.13750
2024-08-23,61.11930
2024-08-26,61.16650
2024-08-27,61.13460
2024-08-28,61.13800
2024-08-29,61.14350
2024-08-30,61.14400
2024-09-02,61.14000
2024-09-03,61.18140
2024-09-04,61.25880
2024-09-05,61.27670
2024-09-06,61.26870
2024-09-09,61.30550
2024-09-10,61.34310
2024-09-11,61.45110
2024-09-12,61.52780
2024-09-13,61.58190
2024-09-16,61.72500
2024-09-17,61.65640
2024-09-19,61.77610
2024-09-20,61.76060
2024-09-23,61.79510
2024-09-24,61.84260
2024-09-25,61.96550
2024-09-26,62.06200
2024-09-27,61.90070
2024-09-30,61.98980
2024-10-01,62.10000
2024-10-03,61.95010
2024-10-04,61.69710
2024-10-07,61.67110
2024-10-08,61.81760
2024-10-09,61.97030
2024-10-10,61.92510
2024-10-11,61.87400
2024-10-14,61.95840
2024-10-15,62.02190
2024-10-16,62.00790
2024-10-17,61.94110
2024-10-18,61.82280
2024-10-21,61.80510
2024-10-22,61.83960
2024-10-23,61.90240
2024-10-24,61.87720
2024-10-25,61.78330
2024-10-28,61.70900
2024-10-29,61.81040
2024-10-30,61.91190
2024-10-31,61.83930
2024-11-04,61.92820
2024-11-05,61.92130
2024-11-06,61.90470
2024-11-07,61.91600
2024-11-08,61.97630
2024-11-11,62.02070
2024-11-12,61.97690
2024-11-13,61.91670
2024-11-14,61.72980
2024-11-18,61.82470
2024-11-19,61.85610
2024-11-21,61.77000
2024-11-22,61.73910
2024-11-25,61.87890
2024-11-26,61.85120
2024-11-27,61.92860
2024-11-28,61.92560
2024-11-29,62.13670
2024-12-02,62.36960
2024-12-03,62.35460
2024-12-04,62.51080
2024-12-05,62.54140
2024-12-06,62.27760
2024-12-09,62.44670
2024-12-10,62.49140
2024-12-11,62.43400
2024-12-12,62.42220
2024-12-13,62.53660
2024-12-16,62.53370
2024-12-17,62.44570
2024-12-18,62.49760
2024-12-19,62.29560
2024-12-20,62.25660
2024-12-23,62.31910
2024-12-24,62.28390
2024-12-26,62.22800
2024-12-27,62.24150
2024-12-30,62.32590
2024-12-31,62.44880
2025-01-01,62.33770
2025-01-02,62.34280
2025-01-03,62.36530
2025-01-06,62.44200
2025-01-07,62.56750
2025-01-08,62.51080
2025-01-09,62.50340
2025-01-10,62.47770
2025-01-13,62.07080
2025-01-14,62.13830
2025-01-15,62.19670
2025-01-16,62.44740
2025-01-17,62.35920
2025-01-20,62.47860
2025-01-21,62.68580
2025-01-22,62.83520
2025-01-23,62.80600
2025-01-24,62.90780
2025-01-27,63.10430
2025-01-28,63.03880
2025-01-29,62.97470
2025-01-30,62.99020
2025-01-31,62.91880
2025-02-03,62.93710
2025-02-04,62.91420
2025-02-05,63.00580
2025-02-06,63.11860
2025-02-07,62.90960
2025-02-10,62.89060
2025-02-11,62.92720
2025-02-12,62.95540
2025-02-13,62.86850
2025-02-14,62.90060
2025-02-17,62.96410
2025-02-18,63.00570
2025-02-20,62.92720
2025-02-21,62.85810
2025-02-24,62.89730
2025-02-25,62.87790
2025-02-27,62.80970
2025-02-28,62.74520
2025-03-03,62.72400
2025-03-04,62.71720
2025-03-05,62.86380
2025-03-06,63.02880
2025-03-07,63.08500
2025-03-10,63.10550
2025-03-11,63.19140
2025-03-12,63.30090
2025-03-13,63.33460
2025-03-17,63.44660
2025-03-18,63.53170
2025-03-19,63.70400
2025-03-20,63.82340
2025-03-21,63.81400
2025-03-24,63.83330
2025-03-25,63.82700
2025-03-26,63.99460
2025-03-27,64.04880
2025-03-28,64.19790
2025-03-31,64.21820
2025-04-02,64.68700
2025-04-03,64.63420
2025-04-04,64.75710
2025-04-07,64.69170
2025-04-08,64.70440
2025-04-09,64.79880
2025-04-11,64.85520
2025-04-15,65.00680
2025-04-16,65.06810
2025-04-17,65.13520
2025-04-21,65.43760
2025-04-22,65.58400
2025-04-23,65.64080
2025-04-24,65.65900
2025-04-25,65.48540
2025-04-28,65.37870
2025-04-29,65.61950
2025-04-30,65.55310
2025-05-02,65.59090
2025-05-05,65.73690
2025-05-06,65.60950
2025-05-07,65.65520
2025-05-08,65.32640
2025-05-09,65.26900
2025-05-13,65.58870
2025-05-14,65.80080
2025-05-15,65.84220
2025-05-16,65.95390
2025-05-19,65.87140
2025-05-20,65.95870
2025-05-21,66.02670
2025-05-22,65.89240
2025-05-23,65.96280
2025-05-26,66.00870
2025-05-27,66.03910
2025-05-28,66.08580
2025-05-29,66.01710
2025-05-30,65.88650
2025-06-02,65.91170
2025-06-03,65.94900
2025-06-04,65.92020
2025-06-05,65.95870
2025-06-06,65.59800
2025-06-09,65.27890
2025-06-10,65.19240
2025-06-11,65.12250
2025-06-12,65.10570
2025-06-13,64.98220
2025-06-16,65.19060
2025-06-17,65.16320
2025-06-18,65.09180
2025-06-19,64.86170
2025-06-20,64.94250
2025-06-23,65.00850
2025-06-24,65.16110
2025-06-25,65.00370
2025-06-26,65.01450
2025-06-27,64.92010
2025-06-30,65.00970
2025-07-01,65.16530
2025-07-02,65.27710
2025-07-03,65.22820
2025-07-04,65.23800
2025-07-07,65.26600
2025-07-08,65.23210
2025-07-09,65.19190
2025-07-10,65.12980
2025-07-11,65.38860
2025-07-14,65.49450
2025-07-15,65.46580
2025-07-16,65.45280
2025-07-17,65.50250
2025-07-18,65.65960
2025-07-21,65.72470
2025-07-22,65.73430
2025-07-23,65.71330
2025-07-24,65.66630
2025-07-25,65.52910
2025-07-28,65.43970
2025-07-29,65.39620
2025-07-30,65.38160
2025-07-31,65.37370
2025-08-01,65.41810
2025-08-04,65.59940
2025-08-05,65.46830
2025-08-06,65.07130
2025-08-07,65.10620
2025-08-08,65.04500
2025-08-11,64.75310
2025-08-12,64.59520
2025-08-13,64.56590
2025-08-14,64.94420
2025-08-18,64.50350
2025-08-19,64.43750
2025-08-20,64.52760
2025-08-21,64.38510
2025-08-22,64.36580
2025-08-25,64.13980
2025-08-26,63.94470
2025-08-28,64.32410
2025-08-29,64.01110
2025-09-01,64.00480
2025-09-02,63.98480
2025-09-03,64.29650
2025-09-04,64.60370
2025-09-05,64.84950
2025-09-09,64.75820
2025-09-10,64.73760
2025-09-11,64.72990
2025-09-12,64.78290
2025-09-15,64.77970
2025-09-16,64.81470
2025-09-17,64.99480
2025-09-18,64.84170
2025-09-19,64.95670
2025-09-22,64.93870
2025-09-23,64.97110
2025-09-24,64.94420
2025-09-25,64.99050
2025-09-26,64.97400
2025-09-30,64.90510
2025-10-01,65.10790
2025-10-03,65.17260
2025-10-06,65.21530
2025-10-07,65.27750
2025-10-08,65.31050
2025-10-09,65.27000
2025-10-10,65.25630
2025-10-13,65.34180
2025-10-14,65.38420
2025-10-15,65.46050
2025-10-16,65.43010
2025-10-17,65.41250
2025-10-20,65.43820
2025-10-23,65.34960
2025-10-24,65.37200
2025-10-27,65.38660
2025-10-28,65.38160
2025-10-29,65.41310
2025-10-30,65.29610
2025-10-31,65.38640
2025-11-03,65.40920
2025-11-04,65.44680
2025-11-06,65.51060
2025-11-07,65.50770
2025-11-10,65.57980
2025-11-11,65.57980
2025-11-12,65.60670
2025-11-13,65.58170
2025-11-14,65.54760
2025-11-17,65.54240
2025-11-18,65.59350
2025-11-19,65.60910
2025-11-20,65.62450
2025-11-21,65.58580
2025-11-24,65.66500
2025-11-25,65.77400
2025-11-26,65.79630
2025-11-27,65.78390
2025-11-28,65.66730
2025-12-01,65.59970
2025-12-02,65.73280
2025-12-03,65.68010
2025-12-04,65.66930
2025-12-05,65.82110
2025-12-08,65.76370
2025-12-09,65.61610
2025-12-10,65.55170
2025-12-11,65.63610
2025-12-12,65.64570
2025-12-15,65.66100
2025-12-16,65.69670
2025-12-17,65.68960
2025-12-18,65.73580
2025-12-19,65.69360
2025-12-22,65.57640
2025-12-23,65.56740
2025-12-24,65.84120
2025-12-26,65.79600
2025-12-29,65.82200
2025-12-30,65.81090
2025-12-31,65.79080
2026-01-01,65.82180
2026-01-02,65.78250
2026-01-05,65.70830
2026-01-06,65.75910
2026-01-07,65.81400
2026-01-08,65.79400
2026-01-09,65.78730
2026-01-12,65.86620
2026-01-13,65.81860
2026-01-14,65.75410
2026-01-16,65.67760
2026-01-19,65.68760
2026-01-20,65.72910
2026-01-21,65.79910
2026-01-22,65.91250
2026-01-23,65.88550
2026-01-27,65.78720
2026-01-28,65.84760
2026-01-29,65.88400
2026-01-30,65.99860
2026-02-02,65.80320
2026-02-03,65.99290
2026-02-04,66.10850
2026-02-05,66.26210
2026-02-06,65.96900
2026-02-09,65.93830
2026-02-10,66.05140
2026-02-11,66.12080
2026-02-12,66.24590
2026-02-13,66.25700
2026-02-16,66.39510
2026-02-17,66.47130
2026-02-18,66.41340
2026-02-20,66.31020
2026-02-23,66.43140
2026-02-24,66.55300
2026-02-25,66.64760
2026-02-26,66.65460
2026-02-27,66.76290
2026-03-02,66.74090
2026-03-04,66.63910
2026-03-05,66.64700
2026-03-06,66.56440
2026-03-09,66.57890
2026-03-10,66.76870
2026-03-11,66.77310
2026-03-12,66.69540
2026-03-13,66.68550
2026-03-16,66.65640
2026-03-17,66.68100
2026-03-18,66.70420
2026-03-20,66.66220
2026-03-23,66.43120
2026-03-24,66.40280
2026-03-25,66.44950
2026-03-27,66.26140
2026-03-30,66.13910
2026-03-31,66.14980
2026-04-02,66.00710
2026-04-06,66.33430
2026-04-07,66.42430
2026-04-08,67.01820
2026-04-09,66.92860
2026-04-10,67.16710
2026-04-13,67.10460
2026-04-15,67.23450
2026-04-16,67.27630
2026-04-17,67.27520
2026-04-20,67.32860
2026-04-21,67.34750
2026-04-22,67.33030
2026-04-23,67.24720
2026-04-24,67.24180
2026-04-27,67.29860
2026-04-28,67.24090
2026-04-29,67.22280
2026-04-30,67.22680
2026-05-04,67.28350
2026-05-05,67.25780
2026-05-06,67.40840
2026-05-07,67.41390
2026-05-08,67.37580
2026-05-11,67.29610
2026-05-12,67.24430
2026-05-13,67.26410
2026-05-14,67.30020
2026-05-15,67.25520
2026-05-18,67.13060
2026-05-19,67.19450
2026-05-20,67.19790
2026-05-21,67.16690
2026-05-22,67.18750
2026-05-25,67.30920
2026-05-26,67.31230
2026-05-27,67.29820
2026-05-29,67.32470
2026-06-01,67.33790
2026-06-02,67.34420
2026-06-03,67.33700
2026-06-04,67.37400
2026-06-05,67.48140
2026-06-08,67.53880
2026-06-09,67.65340
2026-06-10,67.62860
2026-06-11,67.63690
2026-06-12,67.67920
2026-06-15,67.76580
2026-06-16,67.79080
2026-06-17,67.82810
2026-06-18,67.88660
2026-06-19,67.87400
2026-06-22,67.93110
2026-06-23,67.96730
2026-06-24,68.06740
2026-06-25,68.13970
2026-06-29,68.23350
2026-06-30,68.23890
2026-07-01,68.20340
2026-07-02,68.30550
2026-07-03,68.30720
2026-07-06,68.34720
2026-07-07,68.35070
2026-07-08,68.27660
2026-07-09,68.31780
2026-07-10,68.36700
2026-07-13,68.37110
2026-07-14,68.26330
2026-07-15,68.30670
2026-07-16,68.35510
2026-07-17,68.33050
2026-07-20,68.32520
2026-07-21,68.31450
2026-07-22,68.30180
2026-07-23,68.26830
2026-07-24,68.29710
2026-07-27,68.41260
2026-07-28,68.42390
2026-07-29,68.37300
2026-07-30,68.36780
2026-07-31,68.36470
2026-08-03,68.38020
2026-08-04,68.40050
2026-08-05,68.45070
2026-08-06,68.48850
2026-08-07,68.56930
2026-08-10,68.63150
2026-08-11,68.62220
2026-08-12,68.67890
2026-08-13,68.77350
2026-08-14,68.80660
2026-08-17,68.73250
2026-08-18,68.74020
2026-08-19,68.72010
2026-08-20,68.54310
2026-08-21,68.53890
2026-08-24,68.50410
2026-08-25,68.54820
2026-08-27,68.45530
2026-08-28,68.36970
2026-08-31,68.27110
2026-09-01,68.28320
2026-09-02,68.16280
2026-09-03,68.16360
2026-09-04,68.16650
2026-09-07,68.21940
2026-09-08,68.23020
2026-09-09,68.21730
2026-09-10,68.20770
2026-09-11,68.13690
2026-09-15,67.99210
2026-09-16,68.13680
2026-09-17,68.31970
2026-09-18,68.33750
2026-09-21,68.49470
2026-09-22,68.66750
2026-09-23,68.59520
2026-09-24,68.36280
2026-09-25,68.29540
2026-09-28,67.93670
2026-09-29,68.10590
2026-09-30,68.08410
2026-10-01,68.02520
2026-10-05,68.04490
2026-10-06,68.06310
2026-10-07,68.12540
2026-10-08,67.79400
2026-10-09,67.88280
