Date,NAV
2016-11-28,18.11840
2016-11-29,18.09410
2016-11-30,18.11790
2016-12-01,18.13300
2016-12-02,18.12520
2016-12-05,18.14140
2016-12-06,18.13490
2016-12-07,17.99720
2016-12-08,17.96150
2016-12-09,17.96230
2016-12-13,17.97280
2016-12-14,17.98460
2016-12-15,17.94250
2016-12-16,17.93250
2016-12-19,17.94080
2016-12-20,17.95090
2016-12-21,17.95900
2016-12-22,17.95000
2016-12-23,17.94540
2016-12-26,17.93110
2016-12-27,17.91040
2016-12-28,17.89780
2016-12-29,17.93660
2016-12-30,17.97000
2017-01-02,18.06370
2017-01-03,18.06520
2017-01-04,18.09110
2017-01-05,18.09670
2017-01-06,18.10070
2017-01-09,18.10100
2017-01-10,18.10360
2017-01-11,18.10720
2017-01-12,18.12200
2017-01-13,18.12200
2017-01-16,18.12290
2017-01-17,18.13070
2017-01-18,18.13100
2017-01-19,18.12160
2017-01-20,18.13080
2017-01-23,18.13780
2017-01-24,18.13920
2017-01-25,18.14380
2017-01-27,18.15270
2017-01-30,18.15930
2017-01-31,18.16290
2017-02-01,18.16580
2017-02-02,18.18210
2017-02-03,18.18900
2017-02-06,18.19480
2017-02-07,18.18970
2017-02-08,17.96190
2017-02-09,17.89010
2017-02-10,17.92990
2017-02-13,17.94330
2017-02-14,17.94480
2017-02-15,17.95390
2017-02-16,17.98140
2017-02-17,17.96690
2017-02-20,17.95740
2017-02-22,17.93630
2017-02-23,17.94550
2017-02-27,17.95790
2017-02-28,17.96130
2017-03-01,17.94850
2017-03-02,17.94110
2017-03-03,17.94810
2017-03-06,17.93590
2017-03-07,17.92530
2017-03-08,17.91510
2017-03-09,17.90860
2017-03-10,17.89070
2017-03-14,17.90270
2017-03-15,17.93120
2017-03-16,17.96420
2017-03-17,17.95360
2017-03-20,17.95960
2017-03-21,17.97520
2017-03-22,18.01410
2017-03-23,18.02280
2017-03-24,18.02770
2017-03-27,18.06910
2017-03-29,18.07240
2017-03-30,18.09250
2017-03-31,18.09830
2017-04-03,18.10410
2017-04-05,18.10840
2017-04-06,18.06700
2017-04-07,18.05160
2017-04-10,18.07010
2017-04-11,18.08070
2017-04-12,18.10100
2017-04-13,18.11640
2017-04-17,18.12540
2017-04-18,18.12410
2017-04-19,18.13390
2017-04-20,18.13590
2017-04-21,18.12490
2017-04-24,18.13400
2017-04-25,18.14930
2017-04-26,18.13140
2017-04-27,18.12630
2017-04-28,18.13060
2017-05-02,18.13470
2017-05-03,18.14400
2017-05-04,18.14370
2017-05-05,18.14870
2017-05-08,18.16420
2017-05-09,18.16910
2017-05-11,18.17940
2017-05-12,18.19820
2017-05-15,18.26550
2017-05-16,18.25040
2017-05-17,18.25820
2017-05-18,18.27110
2017-05-19,18.26540
2017-05-22,18.30670
2017-05-23,18.30940
2017-05-24,18.30680
2017-05-25,18.32150
2017-05-26,18.33960
2017-05-29,18.33370
2017-05-30,18.33850
2017-05-31,18.34310
2017-06-01,18.38180
2017-06-02,18.38480
2017-06-05,18.37860
2017-06-06,18.38710
2017-06-07,18.47090
2017-06-08,18.53940
2017-06-09,18.56020
2017-06-12,18.55970
2017-06-13,18.57060
2017-06-14,18.58360
2017-06-15,18.57910
2017-06-16,18.57220
2017-06-19,18.59640
2017-06-20,18.60900
2017-06-21,18.61930
2017-06-22,18.60450
2017-06-23,18.59920
2017-06-27,18.60620
2017-06-28,18.57040
2017-06-29,18.57270
2017-06-30,18.56380
2017-07-03,18.51710
2017-07-04,18.51920
2017-07-05,18.52800
2017-07-06,18.54100
2017-07-07,18.56570
2017-07-10,18.63930
2017-07-11,18.62060
2017-07-12,18.63310
2017-07-13,18.65070
2017-07-14,18.63920
2017-07-17,18.65550
2017-07-18,18.66970
2017-07-19,18.69650
2017-07-20,18.69620
2017-07-21,18.74080
2017-07-24,18.76490
2017-07-25,18.74720
2017-07-26,18.73830
2017-07-27,18.74470
2017-07-28,18.72070
2017-07-31,18.71900
2017-08-01,18.74090
2017-08-02,18.72560
2017-08-03,18.77550
2017-08-04,18.77490
2017-08-07,18.76460
2017-08-08,18.76630
2017-08-09,18.76420
2017-08-10,18.74760
2017-08-11,18.73890
2017-08-14,18.74820
2017-08-16,18.74590
2017-08-18,18.76100
2017-08-21,18.76370
2017-08-22,18.75890
2017-08-23,18.75660
2017-08-24,18.75840
2017-08-28,18.74770
2017-08-29,18.76660
2017-08-30,18.76180
2017-08-31,18.76510
2017-09-01,18.79860
2017-09-04,18.79560
2017-09-05,18.79990
2017-09-06,18.80920
2017-09-07,18.80260
2017-09-08,18.79030
2017-09-11,18.78920
2017-09-12,18.78670
2017-09-13,18.76810
2017-09-14,18.77570
2017-09-15,18.76130
2017-09-18,18.76450
2017-09-19,18.77020
2017-09-20,18.77890
2017-09-21,18.72490
2017-09-22,18.73070
2017-09-25,18.75870
2017-09-26,18.73560
2017-09-27,18.73500
2017-09-28,18.74930
2017-09-29,18.75010
2017-10-03,18.77850
2017-10-04,18.75350
2017-10-05,18.73650
2017-10-06,18.72470
2017-10-09,18.71720
2017-10-10,18.73040
2017-10-11,18.73380
2017-10-12,18.73430
2017-10-13,18.75790
2017-10-16,18.77520
2017-10-17,18.76420
2017-10-18,18.77400
2017-10-23,18.75530
2017-10-24,18.77370
2017-10-25,18.76040
2017-10-26,18.77340
2017-10-27,18.77910
2017-10-30,18.76550
2017-10-31,18.75850
2017-11-01,18.75470
2017-11-02,18.76880
2017-11-03,18.77280
2017-11-06,18.76340
2017-11-07,18.75000
2017-11-08,18.74440
2017-11-09,18.75090
2017-11-10,18.73690
2017-11-13,18.74010
2017-11-14,18.69170
2017-11-15,18.70770
2017-11-16,18.68400
2017-11-17,18.71940
2017-11-20,18.78390
2017-11-21,18.78040
2017-11-22,18.75040
2017-11-23,18.74020
2017-11-24,18.74070
2017-11-27,18.73640
2017-11-28,18.75280
2017-11-29,18.76120
2017-11-30,18.74670
2017-12-04,18.74730
2017-12-05,18.75990
2017-12-06,18.78600
2017-12-07,18.77620
2017-12-08,18.76380
2017-12-11,18.73410
2017-12-12,18.70850
2017-12-13,18.70040
2017-12-14,18.72270
2017-12-15,18.72600
2017-12-18,18.70980
2017-12-19,18.71170
2017-12-20,18.69360
2017-12-21,18.66720
2017-12-22,18.66120
2017-12-26,18.66290
2017-12-27,18.68900
2017-12-28,18.53660
2017-12-29,18.61500
2018-01-01,18.63440
2018-01-02,18.61100
2018-01-03,18.63080
2018-01-04,18.61250
2018-01-05,18.70520
2018-01-08,18.68840
2018-01-09,18.65950
2018-01-10,18.60380
2018-01-11,18.60760
2018-01-12,18.60140
2018-01-15,18.61620
2018-01-16,18.53510
2018-01-17,18.58480
2018-01-18,18.55540
2018-01-19,18.55930
2018-01-22,18.56300
2018-01-23,18.60610
2018-01-24,18.58600
2018-01-25,18.57120
2018-01-29,18.51160
2018-01-30,18.50860
2018-01-31,18.51680
2018-02-01,18.41960
2018-02-02,18.43310
2018-02-05,18.43250
2018-02-06,18.44910
2018-02-07,18.47880
2018-02-08,18.51200
2018-02-09,18.49700
2018-02-12,18.49790
2018-02-14,18.51700
2018-02-15,18.48330
2018-02-16,18.48810
2018-02-20,18.45740
2018-02-21,18.44370
2018-02-22,18.42130
2018-02-23,18.45170
2018-02-26,18.45080
2018-02-27,18.45890
2018-02-28,18.43870
2018-03-01,18.43060
2018-03-05,18.44280
2018-03-06,18.44170
2018-03-07,18.50520
2018-03-08,18.52160
2018-03-09,18.53110
2018-03-12,18.56750
2018-03-13,18.57050
2018-03-14,18.57360
2018-03-15,18.58960
2018-03-16,18.64150
2018-03-19,18.61920
2018-03-20,18.62290
2018-03-21,18.63110
2018-03-22,18.63850
2018-03-23,18.64500
2018-03-26,18.63240
2018-03-27,18.79460
2018-03-28,18.75550
2018-04-03,18.79850
2018-04-04,18.82850
2018-04-05,18.96560
2018-04-06,18.91930
2018-04-09,18.88660
2018-04-10,18.81660
2018-04-11,18.73900
2018-04-12,18.77070
2018-04-13,18.79960
2018-04-16,18.78090
2018-04-17,18.78150
2018-04-18,18.75880
2018-04-19,18.70900
2018-04-20,18.69260
2018-04-23,18.68200
2018-04-24,18.72180
2018-04-25,18.68720
2018-04-26,18.67100
2018-04-27,18.67200
2018-05-02,18.67550
2018-05-03,18.68130
2018-05-04,18.69870
2018-05-07,18.76020
2018-05-08,18.78290
2018-05-09,18.70460
2018-05-10,18.69720
2018-05-11,18.69320
2018-05-14,18.66260
2018-05-15,18.60900
2018-05-16,18.59170
2018-05-17,18.59610
2018-05-18,18.64060
2018-05-21,18.65320
2018-05-22,18.65140
2018-05-23,18.62880
2018-05-24,18.60890
2018-05-25,18.66620
2018-05-28,18.70960
2018-05-29,18.70390
2018-05-30,18.69930
2018-05-31,18.67280
2018-06-01,18.66380
2018-06-04,18.66180
2018-06-05,18.67720
2018-06-06,18.62070
2018-06-07,18.55400
2018-06-08,18.57820
2018-06-11,18.57380
2018-06-12,18.57310
2018-06-13,18.61210
2018-06-14,18.60180
2018-06-15,18.64610
2018-06-18,18.67340
2018-06-19,18.68650
2018-06-20,18.71590
2018-06-21,18.75570
2018-06-22,18.73870
2018-06-25,18.74520
2018-06-26,18.74830
2018-06-27,18.72980
2018-06-28,18.68320
2018-06-29,18.70370
2018-07-02,18.71480
2018-07-03,18.73370
2018-07-04,18.76040
2018-07-05,18.73380
2018-07-06,18.74790
2018-07-09,18.74980
2018-07-10,18.75120
2018-07-11,18.77250
2018-07-12,18.84040
2018-07-13,18.83730
2018-07-16,18.84190
2018-07-17,18.88110
2018-07-18,18.88720
2018-07-19,18.88260
2018-07-20,18.88450
2018-07-23,18.88340
2018-07-24,18.90020
2018-07-25,18.90340
2018-07-26,18.92470
2018-07-27,18.92150
2018-07-30,18.92560
2018-07-31,18.94250
2018-08-01,19.00530
2018-08-02,18.99830
2018-08-03,18.97290
2018-08-06,18.98280
2018-08-07,18.97650
2018-08-08,18.98340
2018-08-09,19.01100
2018-08-10,19.01190
2018-08-13,18.96380
2018-08-14,18.96850
2018-08-16,18.94770
2018-08-20,18.97680
2018-08-21,18.99310
2018-08-23,18.97040
2018-08-24,18.97190
2018-08-27,18.97460
2018-08-28,18.97580
2018-08-29,18.97260
2018-08-30,18.98190
2018-08-31,18.97640
2018-09-03,18.97760
2018-09-04,18.95410
2018-09-05,18.94550
2018-09-06,18.94770
2018-09-07,18.95670
2018-09-10,18.90670
2018-09-11,18.89910
2018-09-12,18.90780
2018-09-14,18.92370
2018-09-17,18.93600
2018-09-18,18.93690
2018-09-19,18.95100
2018-09-21,18.94040
2018-09-24,18.91070
2018-09-25,18.87690
2018-09-26,18.89460
2018-09-27,18.91990
2018-09-28,18.93310
2018-10-01,18.95590
2018-10-03,18.92800
2018-10-04,18.89930
2018-10-05,18.98530
2018-10-08,19.00620
2018-10-09,18.97650
2018-10-10,18.99160
2018-10-11,19.03250
2018-10-12,19.03600
2018-10-15,19.08600
2018-10-16,19.08290
2018-10-17,19.06840
2018-10-19,19.07090
2018-10-22,19.08260
2018-10-23,19.10010
2018-10-24,19.10980
2018-10-25,19.12000
2018-10-26,19.12470
2018-10-29,19.17580
2018-10-30,19.16220
2018-10-31,19.15390
2018-11-01,19.12890
2018-11-02,19.16870
2018-11-05,19.13780
2018-11-06,19.13930
2018-11-09,19.16920
2018-11-12,19.17490
2018-11-13,19.25550
2018-11-14,19.28160
2018-11-15,19.28090
2018-11-16,19.27520
2018-11-19,19.30100
2018-11-20,19.30320
2018-11-22,19.36860
2018-11-26,19.38290
2018-11-27,19.38090
2018-11-28,19.44330
2018-11-29,19.48130
2018-11-30,19.49910
2018-12-03,19.50200
2018-12-04,19.53080
2018-12-05,19.64170
2018-12-06,19.66750
2018-12-07,19.62230
2018-12-10,19.55630
2018-12-11,19.59050
2018-12-12,19.69340
2018-12-13,19.70710
2018-12-14,19.68540
2018-12-17,19.70230
2018-12-18,19.76270
2018-12-19,19.86650
2018-12-20,19.83610
2018-12-21,19.84300
2018-12-24,19.84700
2018-12-26,19.87440
2018-12-27,19.88150
2018-12-28,19.83040
2018-12-31,19.84710
2019-01-01,19.82100
2019-01-02,19.85140
2019-01-03,19.83970
2019-01-04,19.83530
2019-01-07,19.82530
2019-01-08,19.86900
2019-01-09,19.87360
2019-01-10,19.87620
2019-01-11,19.88280
2019-01-14,19.92100
2019-01-15,19.91580
2019-01-16,19.88460
2019-01-17,19.88380
2019-01-18,19.83490
2019-01-21,19.82910
2019-01-22,19.85290
2019-01-23,19.84270
2019-01-24,19.85510
2019-01-25,19.86020
2019-01-28,19.87850
2019-01-29,19.88700
2019-01-30,19.88110
2019-01-31,19.90360
2019-02-01,19.80750
2019-02-04,19.78360
2019-02-05,19.81040
2019-02-06,19.84240
2019-02-07,19.90070
2019-02-08,19.89580
2019-02-11,19.90710
2019-02-12,19.89400
2019-02-13,19.94880
2019-02-14,19.92890
2019-02-15,20.25160
2019-02-18,20.25030
2019-02-20,20.26770
2019-02-21,20.27160
2019-02-22,20.24930
2019-02-25,20.27310
2019-02-26,20.27230
2019-02-27,20.21610
2019-02-28,20.26980
2019-03-01,20.30140
2019-03-05,20.32780
2019-03-06,20.32640
2019-03-07,20.35610
2019-03-08,20.39670
2019-03-11,20.42180
2019-03-12,20.45290
2019-03-13,20.44470
2019-03-14,20.46840
2019-03-15,20.49540
2019-03-18,20.53270
2019-03-19,20.49490
2019-03-20,20.54020
2019-03-22,20.60270
2019-03-25,20.66920
2019-03-26,20.63780
2019-03-27,20.64880
2019-03-28,20.70680
2019-03-29,20.72380
2019-03-31,20.73210
2019-04-02,20.78670
2019-04-03,20.77120
2019-04-04,20.70310
2019-04-05,20.68530
2019-04-08,20.63600
2019-04-09,20.65090
2019-04-10,20.66400
2019-04-11,20.65990
2019-04-12,20.63860
2019-04-15,20.62650
2019-04-16,20.63550
2019-04-18,20.64210
2019-04-22,20.60490
2019-04-23,20.60900
2019-04-24,20.63620
2019-04-25,20.62250
2019-04-26,20.64460
2019-04-30,20.66260
2019-05-02,20.66870
2019-05-03,20.66650
2019-05-06,20.68660
2019-05-07,20.69190
2019-05-08,20.71350
2019-05-09,20.71740
2019-05-10,20.72310
2019-05-13,20.74690
2019-05-14,20.77140
2019-05-15,20.77140
2019-05-16,20.77460
2019-05-17,20.79920
2019-05-20,20.88230
2019-05-21,20.86850
2019-05-22,20.90020
2019-05-23,20.95800
2019-05-24,20.98300
2019-05-27,21.08770
2019-05-28,21.14950
2019-05-29,21.17030
2019-05-30,21.15490
2019-05-31,21.27590
2019-06-03,21.32400
2019-06-04,21.32470
2019-06-06,21.38390
2019-06-07,21.32600
2019-06-10,21.25680
2019-06-11,21.26960
2019-06-12,21.32040
2019-06-13,21.33600
2019-06-14,21.44120
2019-06-17,21.45680
2019-06-18,21.57010
2019-06-19,21.56640
2019-06-20,21.63270
2019-06-21,21.53870
2019-06-24,21.54110
2019-06-25,21.52370
2019-06-26,21.47840
2019-06-27,21.50430
2019-06-28,21.53550
2019-07-01,21.52820
2019-07-02,21.54880
2019-07-03,21.60000
2019-07-04,21.65190
2019-07-05,21.74760
2019-07-08,21.88910
2019-07-09,21.89640
2019-07-10,21.95410
2019-07-11,22.02340
2019-07-12,22.02450
2019-07-15,22.08470
2019-07-16,22.14730
2019-07-17,22.08410
2019-07-18,22.06460
2019-07-19,22.07050
2019-07-22,22.01550
2019-07-23,21.96830
2019-07-24,21.99280
2019-07-25,21.89020
2019-07-26,21.88860
2019-07-29,21.99810
2019-07-30,22.02530
2019-07-31,22.05800
2019-08-01,22.02090
2019-08-02,22.09730
2019-08-05,22.05530
2019-08-06,22.09610
2019-08-07,22.11560
2019-08-08,22.13800
2019-08-09,22.03690
2019-08-13,22.03270
2019-08-14,21.93490
2019-08-16,21.99350
2019-08-19,21.99030
2019-08-20,22.04330
2019-08-21,22.06980
2019-08-22,22.11380
2019-08-23,22.12050
2019-08-26,22.20890
2019-08-27,22.17620
2019-08-28,22.15210
2019-08-29,22.13390
2019-08-30,22.14330
2019-09-03,22.22000
2019-09-04,22.23180
2019-09-05,22.21240
2019-09-06,22.20710
2019-09-09,22.24980
2019-09-11,22.18840
2019-09-12,22.16130
2019-09-13,22.16170
2019-09-16,22.13610
2019-09-17,22.11990
2019-09-18,22.21500
2019-09-19,22.21290
2019-09-20,22.02020
2019-09-23,22.06210
2019-09-24,22.04000
2019-09-25,22.05660
2019-09-26,22.08190
2019-09-27,22.08260
2019-09-30,22.13090
2019-10-01,22.18730
2019-10-03,22.25000
2019-10-04,22.18540
2019-10-07,22.18780
2019-10-09,22.19740
2019-10-10,22.19410
2019-10-11,22.16210
2019-10-14,22.20840
2019-10-15,22.21200
2019-10-16,22.23260
2019-10-17,22.20910
2019-10-18,22.21980
2019-10-22,22.23710
2019-10-23,22.27100
2019-10-24,22.28030
2019-10-25,22.29350
2019-10-29,22.30770
2019-10-30,22.32660
2019-10-31,22.36220
2019-11-01,22.37240
2019-11-04,22.36780
2019-11-05,22.33830
2019-11-06,22.36030
2019-11-07,22.34490
2019-11-08,22.31620
2019-11-11,22.31570
2019-11-13,22.34990
2019-11-14,22.37060
2019-11-15,22.38390
2019-11-18,22.41260
2019-11-19,22.43160
2019-11-20,22.46900
2019-11-21,22.43120
2019-11-22,22.45020
2019-11-25,22.48600
2019-11-26,22.49050
2019-11-27,22.49510
2019-11-28,22.51970
2019-11-29,22.51820
2019-12-02,22.51040
2019-12-03,22.53160
2019-12-04,22.54600
2019-12-05,22.35290
2019-12-06,22.29750
2019-12-09,22.31840
2019-12-10,22.27140
2019-12-11,22.21820
2019-12-12,22.19910
2019-12-13,22.18060
2019-12-16,22.18840
2019-12-17,22.23330
2019-12-18,22.26900
2019-12-19,22.24680
2019-12-20,22.41830
2019-12-23,22.45280
2019-12-24,22.46100
2019-12-26,22.46400
2019-12-27,22.51680
2019-12-30,22.51920
2019-12-31,22.51630
2020-01-01,22.55330
2020-01-02,22.57340
2020-01-03,22.57800
2020-01-06,22.54390
2020-01-07,22.56250
2020-01-08,22.56060
2020-01-09,22.59310
2020-01-10,22.54920
2020-01-13,22.55740
2020-01-14,22.51200
2020-01-15,22.53210
2020-01-16,22.55290
2020-01-17,22.55750
2020-01-20,22.56740
2020-01-21,22.56900
2020-01-22,22.57820
2020-01-23,22.59500
2020-01-24,22.60260
2020-01-27,22.62430
2020-01-28,22.61600
2020-01-29,22.61460
2020-01-30,22.61810
2020-01-31,22.60700
2020-02-03,22.67710
2020-02-04,22.68790
2020-02-05,22.69110
2020-02-06,22.76490
2020-02-07,22.82120
2020-02-10,22.84420
2020-02-11,22.83760
2020-02-12,22.83520
2020-02-13,22.90590
2020-02-14,22.96550
2020-02-17,22.97850
2020-02-18,22.96480
2020-02-20,22.94860
2020-02-24,23.00730
2020-02-25,23.00070
2020-02-26,23.03280
2020-02-27,23.01410
2020-02-28,23.01500
2020-03-02,23.02450
2020-03-03,23.02640
2020-03-04,23.03110
2020-03-05,23.03410
2020-03-06,23.04140
2020-03-09,23.06010
2020-03-11,23.06810
2020-03-12,23.06480
2020-03-13,23.06410
2020-03-16,23.07250
2020-03-17,23.07230
2020-03-18,23.03150
2020-03-19,23.02520
2020-03-20,23.06340
2020-03-23,23.07430
2020-03-24,23.00660
2020-03-26,23.03920
2020-03-27,23.16320
2020-03-30,23.16540
2020-03-31,23.22810
2020-04-03,23.23760
2020-04-07,23.24490
2020-04-08,23.24130
2020-04-09,23.23860
2020-04-13,23.25590
2020-04-15,23.28090
2020-04-16,23.30930
2020-04-17,23.35390
2020-04-20,23.36020
2020-04-21,23.36930
2020-04-22,23.40560
2020-04-23,23.41380
2020-04-24,23.40250
2020-04-27,23.40040
2020-04-28,23.39950
2020-04-29,23.41560
2020-04-30,23.43070
2020-05-04,23.44320
2020-05-05,23.44960
2020-05-06,23.46740
2020-05-08,23.47690
2020-05-11,23.47440
2020-05-12,23.48570
2020-05-13,23.48030
2020-05-14,23.48810
2020-05-15,23.49690
2020-05-18,23.51730
2020-05-19,23.53120
2020-05-20,23.51270
2020-05-21,23.52830
2020-05-22,23.56880
2020-05-26,23.58050
2020-05-27,23.59180
2020-05-28,23.58910
2020-05-29,23.58600
2020-06-01,23.59290
2020-06-02,23.59700
2020-06-03,23.60410
2020-06-04,23.60320
2020-06-05,23.60730
2020-06-08,23.61460
2020-06-09,23.61170
2020-06-10,23.60810
2020-06-11,23.62600
2020-06-12,23.62980
2020-06-15,23.64110
2020-06-16,23.65070
2020-06-17,23.65590
2020-06-18,23.67400
2020-06-19,23.68300
2020-06-22,23.68600
2020-06-23,23.68710
2020-06-24,23.69680
2020-06-25,23.70130
2020-06-26,23.71260
2020-06-29,23.72100
2020-06-30,23.72460
2020-07-01,23.73420
2020-07-02,23.73990
2020-07-03,23.75170
2020-07-06,23.76420
2020-07-07,23.76220
2020-07-08,23.77240
2020-07-09,23.77770
2020-07-10,23.78380
2020-07-13,23.79120
2020-07-14,23.79190
2020-07-15,23.79760
2020-07-16,23.80160
2020-07-17,23.80600
2020-07-20,23.78450
2020-07-21,23.74230
2020-07-22,23.74080
2020-07-23,23.74500
2020-07-24,23.74820
2020-07-27,23.75420
2020-07-28,23.75270
2020-07-29,23.76270
2020-07-30,23.76610
2020-07-31,23.76820
2020-08-03,23.77510
2020-08-04,23.77910
2020-08-05,23.78520
2020-08-06,23.78810
2020-08-07,23.78670
2020-08-10,23.79370
2020-08-11,23.79520
2020-08-12,23.79980
2020-08-13,23.80470
2020-08-14,23.80700
2020-08-17,23.81450
2020-08-18,23.81750
2020-08-19,23.82220
2020-08-20,23.82620
2020-08-21,23.82650
2020-08-24,23.83150
2020-08-25,23.82860
2020-08-26,23.83720
2020-08-27,23.83730
2020-08-28,23.83900
2020-08-31,23.84730
2020-09-01,23.85490
2020-09-02,23.85580
2020-09-03,23.85960
2020-09-04,23.86260
2020-09-07,23.86880
2020-09-08,23.86830
2020-09-09,23.86730
2020-09-10,23.86800
2020-09-11,23.87160
2020-09-14,23.87690
2020-09-15,23.87960
2020-09-16,23.88200
2020-09-17,23.88540
2020-09-18,23.88830
2020-09-21,23.89410
2020-09-22,23.89680
2020-09-23,23.89680
2020-09-24,23.90010
2020-09-25,23.90180
2020-09-28,23.90920
2020-09-29,23.91180
2020-09-30,23.91840
2020-10-01,23.92080
2020-10-05,23.93290
2020-10-06,23.93610
2020-10-07,23.94190
2020-10-08,23.94500
2020-10-09,23.95010
2020-10-12,23.95670
2020-10-13,23.95950
2020-10-14,23.96080
2020-10-15,23.96690
2020-10-16,23.96900
2020-10-19,23.97560
2020-10-20,23.97930
2020-10-21,23.98180
2020-10-22,23.98510
2020-10-23,23.98770
2020-10-26,23.99380
2020-10-27,23.99510
2020-10-28,23.99700
2020-10-29,23.99970
2020-11-02,24.00710
2020-11-03,24.01010
2020-11-04,24.01260
2020-11-05,24.01490
2020-11-06,24.01750
2020-11-09,24.02420
2020-11-10,24.02710
2020-11-11,24.03020
2020-11-12,24.03300
2020-11-13,24.03570
2020-11-17,24.04410
2020-11-18,24.04950
2020-11-19,24.05610
2020-11-20,24.05960
2020-11-23,24.06540
2020-11-24,24.06620
2020-11-25,24.06830
2020-11-26,24.07270
2020-11-27,24.07540
2020-12-01,24.08270
2020-12-02,24.08250
2020-12-03,24.08240
2020-12-04,24.08760
2020-12-07,24.09460
2020-12-08,24.09440
2020-12-09,24.09650
2020-12-10,24.09930
2020-12-11,24.10180
2020-12-14,24.10800
2020-12-15,24.10980
2020-12-16,24.10920
2020-12-17,24.11220
2020-12-18,24.11410
2020-12-21,24.12000
2020-12-22,24.12230
2020-12-23,24.12380
2020-12-24,24.12600
2020-12-28,24.13570
2020-12-29,24.13930
2020-12-30,24.14280
2020-12-31,24.14580
2021-01-01,24.15020
2021-01-04,24.16050
2021-01-05,24.16630
2021-01-06,24.16800
2021-01-07,24.16950
2021-01-08,24.17200
2021-01-11,24.17340
2021-01-12,24.16990
2021-01-13,24.16820
2021-01-14,24.16290
2021-01-15,24.16540
2021-01-18,24.17120
2021-01-19,24.17090
2021-01-20,24.17060
2021-01-21,24.17230
2021-01-22,24.17470
2021-01-25,24.18200
2021-01-27,24.18260
2021-01-28,24.18590
2021-01-29,24.18920
2021-02-01,24.19380
2021-02-02,24.19540
2021-02-03,24.19180
2021-02-04,24.19320
2021-02-05,24.19620
2021-02-08,24.20280
2021-02-09,24.20410
2021-02-10,24.21020
2021-02-11,24.21350
2021-02-12,24.21510
2021-02-15,24.22520
2021-02-16,24.22730
2021-02-17,24.23030
2021-02-18,24.23600
2021-02-22,24.24540
2021-02-23,24.24740
2021-02-24,24.25330
2021-02-25,24.25660
2021-02-26,24.25870
2021-03-01,24.26580
2021-03-02,24.26760
2021-03-03,24.26910
2021-03-04,24.27110
2021-03-05,24.27310
2021-03-08,24.27970
2021-03-09,24.28150
2021-03-10,24.28440
2021-03-12,24.28880
2021-03-15,24.29270
2021-03-16,24.29420
2021-03-17,24.29630
2021-03-18,24.30080
2021-03-19,24.30940
2021-03-22,24.31580
2021-03-23,24.32170
2021-03-24,24.32700
2021-03-25,24.33390
2021-03-26,24.33900
2021-03-30,24.35020
2021-03-31,24.35380
2021-04-05,24.36580
2021-04-06,24.37450
2021-04-07,24.37750
2021-04-08,24.37570
2021-04-09,24.37710
2021-04-12,24.38180
2021-04-15,24.38880
2021-04-16,24.39120
2021-04-19,24.40170
2021-04-20,24.40560
2021-04-22,24.41310
2021-04-23,24.41670
2021-04-26,24.42650
2021-04-27,24.42930
2021-04-28,24.43540
2021-04-29,24.43880
2021-04-30,24.44070
2021-05-03,24.44870
2021-05-04,24.45180
2021-05-05,24.45330
2021-05-06,24.45580
2021-05-07,24.45720
2021-05-10,24.46000
2021-05-11,24.46390
2021-05-12,24.46490
2021-05-14,24.46930
2021-05-17,24.47620
2021-05-18,24.47870
2021-05-19,24.48080
2021-05-20,24.48400
2021-05-21,24.48780
2021-05-24,24.49270
2021-05-25,24.49490
2021-05-27,24.49700
2021-05-28,24.50010
2021-05-31,24.50740
2021-06-01,24.50910
2021-06-02,24.51170
2021-06-03,24.51430
2021-06-04,24.51660
2021-06-07,24.52360
2021-06-08,24.52570
2021-06-09,24.52980
2021-06-10,24.53350
2021-06-11,24.53530
2021-06-14,24.54150
2021-06-15,24.54320
2021-06-16,24.54220
2021-06-17,24.54260
2021-06-18,24.54500
2021-06-21,24.55380
2021-06-22,24.55480
2021-06-23,24.55670
2021-06-24,24.56000
2021-06-25,24.56110
2021-06-28,24.56940
2021-06-29,24.57200
2021-06-30,24.57530
2021-07-01,24.57900
2021-07-02,24.58380
2021-07-05,24.59180
2021-07-06,24.59170
2021-07-07,24.59700
2021-07-08,24.60150
2021-07-09,24.60450
2021-07-12,24.61170
2021-07-13,24.61510
2021-07-14,24.61910
2021-07-15,24.62250
2021-07-16,24.62810
2021-07-19,24.63340
2021-07-20,24.63640
2021-07-22,24.64170
2021-07-23,24.64500
2021-07-26,24.65240
2021-07-27,24.65620
2021-07-28,24.65850
2021-07-29,24.66110
2021-07-30,24.66350
2021-08-02,24.66930
2021-08-03,24.67210
2021-08-04,24.67550
2021-08-05,24.67810
2021-08-06,24.67950
2021-08-09,24.68800
2021-08-10,24.69180
2021-08-11,24.69580
2021-08-12,24.70000
2021-08-13,24.70540
2021-08-17,24.71640
2021-08-18,24.72140
2021-08-20,24.72750
2021-08-23,24.73420
2021-08-24,24.73580
2021-08-25,24.73870
2021-08-26,24.74190
2021-08-27,24.74380
2021-08-30,24.75200
2021-08-31,24.75390
2021-09-01,24.76000
2021-09-02,24.76290
2021-09-03,24.76530
2021-09-06,24.77130
2021-09-07,24.77380
2021-09-08,24.77590
2021-09-09,24.77730
2021-09-13,24.78630
2021-09-14,24.78850
2021-09-15,24.78920
2021-09-16,24.79210
2021-09-17,24.79410
2021-09-20,24.80100
2021-09-21,24.80340
2021-09-22,24.80340
2021-09-23,24.80470
2021-09-24,24.80250
2021-09-27,24.80980
2021-09-28,24.80990
2021-09-29,24.80970
2021-09-30,24.81280
2021-10-01,24.81530
2021-10-04,24.82390
2021-10-05,24.82450
2021-10-06,24.82350
2021-10-07,24.82630
2021-10-08,24.83150
2021-10-11,24.84100
2021-10-12,24.84450
2021-10-13,24.85000
2021-10-14,24.85290
2021-10-18,24.85840
2021-10-20,24.86040
2021-10-21,24.86110
2021-10-22,24.86240
2021-10-25,24.86730
2021-10-26,24.86680
2021-10-27,24.86360
2021-10-28,24.86610
2021-10-29,24.86880
2021-11-01,24.87810
2021-11-02,24.88120
2021-11-03,24.88440
2021-11-08,24.89850
2021-11-09,24.90340
2021-11-10,24.90630
2021-11-11,24.91040
2021-11-12,24.91370
2021-11-15,24.92150
2021-11-16,24.92310
2021-11-17,24.92620
2021-11-18,24.92830
2021-11-22,24.93530
2021-11-23,24.93700
2021-11-24,24.94030
2021-11-25,24.94230
2021-11-26,24.94470
2021-11-29,24.95160
2021-11-30,24.95420
2021-12-01,24.95750
2021-12-02,24.96020
2021-12-03,24.96260
2021-12-06,24.97000
2021-12-07,24.97290
2021-12-08,24.97720
2021-12-09,24.97960
2021-12-10,24.98210
2021-12-13,24.98910
2021-12-14,24.99170
2021-12-15,24.99330
2021-12-16,24.99070
2021-12-17,24.99290
2021-12-20,25.00030
2021-12-21,25.00030
2021-12-22,25.00270
2021-12-23,25.00420
2021-12-24,25.00790
2021-12-27,25.01640
2021-12-28,25.01870
2021-12-29,25.02110
2021-12-30,25.02390
2021-12-31,25.02770
2022-01-03,25.03800
2022-01-04,25.04070
2022-01-05,25.04420
2022-01-06,25.04620
2022-01-07,25.04890
2022-01-10,25.05640
2022-01-11,25.05940
2022-01-12,25.06280
2022-01-13,25.06670
2022-01-14,25.06860
2022-01-17,25.07630
2022-01-18,25.07770
2022-01-19,25.07720
2022-01-20,25.08000
2022-01-21,25.08270
2022-01-24,25.09080
2022-01-25,25.09270
2022-01-27,25.09730
2022-01-28,25.09980
2022-01-31,25.10750
2022-02-01,25.10820
2022-02-02,25.10510
2022-02-03,25.10790
2022-02-04,25.11000
2022-02-08,25.12080
2022-02-09,25.12310
2022-02-10,25.13050
2022-02-11,25.13380
2022-02-14,25.14400
2022-02-15,25.14710
2022-02-16,25.15160
2022-02-17,25.15480
2022-02-18,25.15610
2022-02-21,25.16320
2022-02-22,25.16410
2022-02-23,25.16730
2022-02-24,25.16990
2022-02-25,25.17290
2022-02-28,25.17970
2022-03-02,25.18350
2022-03-03,25.18110
2022-03-04,25.18250
2022-03-07,25.18780
2022-03-08,25.18980
2022-03-09,25.19090
2022-03-10,25.19540
2022-03-11,25.20110
2022-03-14,25.21130
2022-03-15,25.21780
2022-03-16,25.22180
2022-03-17,25.22860
2022-03-21,25.24130
2022-03-22,25.24270
2022-03-23,25.24640
2022-03-24,25.25110
2022-03-25,25.25380
2022-03-28,25.26180
2022-03-29,25.26420
2022-03-30,25.26770
2022-03-31,25.27620
2022-04-04,25.28880
2022-04-05,25.28980
2022-04-06,25.29360
2022-04-07,25.29640
2022-04-08,25.28770
2022-04-11,25.29170
2022-04-12,25.29610
2022-04-13,25.29310
2022-04-18,25.31050
2022-04-19,25.31670
2022-04-20,25.32180
2022-04-21,25.32700
2022-04-22,25.32850
2022-04-25,25.33580
2022-04-26,25.33800
2022-04-27,25.34070
2022-04-28,25.34120
2022-04-29,25.34280
2022-05-02,25.35130
2022-05-04,25.29850
2022-05-05,25.27700
2022-05-06,25.26740
2022-05-09,25.27260
2022-05-10,25.27550
2022-05-11,25.27400
2022-05-12,25.27570
2022-05-13,25.27040
2022-05-17,25.28330
2022-05-18,25.28660
2022-05-19,25.28870
2022-05-20,25.29110
2022-05-23,25.30150
2022-05-24,25.30880
2022-05-25,25.31220
2022-05-26,25.31420
2022-05-27,25.31880
2022-05-30,25.32630
2022-05-31,25.33070
2022-06-01,25.33090
2022-06-02,25.33310
2022-06-03,25.33700
2022-06-06,25.34380
2022-06-07,25.33810
2022-06-08,25.35360
2022-06-09,25.35620
2022-06-10,25.35960
2022-06-13,25.36740
2022-06-14,25.36840
2022-06-15,25.37040
2022-06-16,25.37120
2022-06-17,25.37570
2022-06-20,25.38970
2022-06-21,25.39280
2022-06-22,25.39640
2022-06-23,25.40080
2022-06-24,25.40630
2022-06-27,25.41620
2022-06-28,25.41810
2022-06-29,25.42140
2022-06-30,25.42510
2022-07-01,25.43340
2022-07-04,25.44870
2022-07-05,25.45570
2022-07-06,25.46620
2022-07-07,25.47220
2022-07-08,25.47310
2022-07-11,25.48110
2022-07-12,25.48290
2022-07-13,25.48810
2022-07-14,25.49040
2022-07-15,25.49270
2022-07-18,25.49980
2022-07-19,25.50300
2022-07-20,25.50130
2022-07-21,25.50100
2022-07-22,25.50080
2022-07-25,25.51440
2022-07-26,25.51140
2022-07-27,25.50730
2022-07-28,25.51410
2022-07-29,25.52050
2022-08-01,25.54590
2022-08-02,25.55780
2022-08-03,25.55600
2022-08-04,25.56090
2022-08-05,25.55460
2022-08-08,25.56440
2022-08-10,25.57260
2022-08-11,25.57760
2022-08-12,25.58040
2022-08-17,25.60450
2022-08-18,25.60870
2022-08-19,25.61220
2022-08-22,25.62440
2022-08-23,25.62790
2022-08-24,25.63270
2022-08-25,25.63180
2022-08-26,25.63550
2022-08-29,25.64030
2022-08-30,25.64420
2022-09-01,25.65440
2022-09-02,25.65970
2022-09-05,25.67560
2022-09-06,25.67790
2022-09-07,25.68370
2022-09-08,25.68510
2022-09-09,25.68880
2022-09-12,25.69920
2022-09-13,25.70050
2022-09-14,25.69690
2022-09-15,25.69040
2022-09-16,25.68890
2022-09-19,25.69990
2022-09-20,25.69060
2022-09-21,25.68330
2022-09-22,25.68410
2022-09-23,25.67540
2022-09-26,25.67200
2022-09-27,25.66390
2022-09-28,25.67060
2022-09-29,25.69040
2022-09-30,25.70740
2022-10-03,25.72420
2022-10-04,25.72890
2022-10-06,25.73380
2022-10-07,25.73110
2022-10-10,25.72780
2022-10-11,25.70900
2022-10-12,25.71240
2022-10-13,25.72130
2022-10-14,25.71680
2022-10-17,25.73390
2022-10-18,25.73800
2022-10-19,25.73700
2022-10-20,25.73480
2022-10-21,25.73630
2022-10-25,25.75670
2022-10-27,25.77070
2022-10-28,25.76880
2022-10-31,25.78800
2022-11-01,25.79450
2022-11-02,25.80030
2022-11-03,25.80480
2022-11-04,25.80940
2022-11-07,25.82130
2022-11-09,25.83200
2022-11-10,25.83540
2022-11-11,25.84660
2022-11-14,25.86060
2022-11-15,25.86710
2022-11-16,25.87670
2022-11-17,25.88700
2022-11-18,25.89260
2022-11-21,25.90840
2022-11-22,25.91030
2022-11-23,25.91500
2022-11-24,25.91910
2022-11-25,25.92110
2022-11-28,25.93400
2022-11-29,25.93980
2022-11-30,25.94650
2022-12-01,25.95110
2022-12-02,25.95700
2022-12-05,25.97420
2022-12-06,25.97880
2022-12-07,25.97660
2022-12-08,25.98170
2022-12-09,25.98790
2022-12-12,26.00230
2022-12-13,26.00760
2022-12-14,26.01330
2022-12-15,26.01590
2022-12-16,26.02010
2022-12-19,26.03450
2022-12-20,26.03740
2022-12-21,26.04190
2022-12-22,26.04320
2022-12-23,26.05040
2022-12-26,26.06510
2022-12-27,26.07300
2022-12-28,26.07850
2022-12-29,26.08300
2022-12-30,26.09240
2023-01-02,26.10780
2023-01-03,26.11060
2023-01-04,26.10860
2023-01-05,26.11340
2023-01-06,26.11780
2023-01-09,26.13220
2023-01-10,26.13360
2023-01-11,26.13620
2023-01-12,26.14210
2023-01-13,26.14670
2023-01-16,26.15750
2023-01-17,26.16180
2023-01-18,26.16730
2023-01-19,26.17350
2023-01-20,26.17790
2023-01-23,26.19020
2023-01-24,26.19640
2023-01-25,26.20150
2023-01-27,26.21130
2023-01-30,26.22090
2023-01-31,26.22550
2023-02-01,26.23680
2023-02-02,26.24310
2023-02-03,26.24950
2023-02-06,26.26510
2023-02-07,26.26980
2023-02-08,26.26910
2023-02-09,26.27040
2023-02-10,26.28020
2023-02-13,26.29530
2023-02-14,26.29690
2023-02-15,26.29950
2023-02-16,26.30620
2023-02-17,26.31010
2023-02-20,26.32200
2023-02-21,26.32850
2023-02-22,26.32960
2023-02-23,26.33330
2023-02-24,26.33700
2023-02-27,26.34820
2023-02-28,26.35290
2023-03-01,26.35660
2023-03-02,26.35730
2023-03-03,26.36090
2023-03-06,26.37240
2023-03-08,26.38240
2023-03-09,26.38980
2023-03-10,26.40190
2023-03-13,26.42770
2023-03-14,26.43430
2023-03-15,26.43700
2023-03-16,26.43970
2023-03-17,26.44180
2023-03-20,26.46640
2023-03-21,26.47540
2023-03-23,26.48980
2023-03-24,26.48990
2023-03-27,26.49470
2023-03-28,26.49740
2023-03-29,26.51590
2023-03-31,26.55000
2023-04-03,26.56540
2023-04-05,26.57560
2023-04-06,26.59610
2023-04-10,26.61470
2023-04-11,26.61900
2023-04-12,26.62850
2023-04-13,26.63620
2023-04-17,26.65500
2023-04-18,26.66250
2023-04-19,26.66610
2023-04-20,26.67260
2023-04-21,26.67840
2023-04-24,26.69280
2023-04-25,26.69880
2023-04-26,26.70340
2023-04-27,26.70830
2023-04-28,26.71080
2023-05-02,26.72640
2023-05-03,26.73340
2023-05-04,26.73820
2023-05-08,26.75990
2023-05-09,26.76540
2023-05-10,26.76900
2023-05-11,26.77230
2023-05-12,26.77840
2023-05-15,26.79500
2023-05-16,26.80200
2023-05-17,26.80860
2023-05-18,26.81710
2023-05-19,26.82550
2023-05-22,26.84640
2023-05-23,26.84870
2023-05-24,26.85220
2023-05-25,26.85870
2023-05-26,26.86290
2023-05-29,26.87330
2023-05-30,26.87950
2023-05-31,26.88550
2023-06-01,26.89240
2023-06-02,26.89840
2023-06-05,26.91420
2023-06-06,26.91990
2023-06-07,26.92590
2023-06-08,26.92850
2023-06-09,26.93100
2023-06-12,26.94590
2023-06-13,26.95110
2023-06-14,26.95830
2023-06-15,26.96240
2023-06-16,26.96950
2023-06-19,26.98560
2023-06-20,26.98860
2023-06-21,26.99390
2023-06-22,26.99910
2023-06-23,27.00220
2023-06-26,27.01590
2023-06-27,27.01910
2023-06-28,27.02420
2023-06-30,27.03450
2023-07-03,27.05190
2023-07-04,27.05880
2023-07-05,27.06460
2023-07-06,27.06850
2023-07-07,27.07470
2023-07-10,27.09050
2023-07-11,27.09580
2023-07-12,27.10280
2023-07-13,27.11090
2023-07-14,27.11590
2023-07-17,27.13140
2023-07-18,27.13720
2023-07-19,27.14270
2023-07-20,27.14810
2023-07-21,27.15290
2023-07-24,27.16780
2023-07-25,27.17250
2023-07-26,27.17770
2023-07-27,27.18150
2023-07-28,27.18460
2023-07-31,27.19970
2023-08-01,27.20590
2023-08-02,27.21070
2023-08-03,27.21500
2023-08-04,27.21980
2023-08-07,27.23410
2023-08-08,27.23900
2023-08-09,27.24380
2023-08-10,27.24770
2023-08-11,27.24950
2023-08-14,27.26430
2023-08-17,27.27650
2023-08-18,27.28150
2023-08-21,27.29740
2023-08-22,27.30260
2023-08-23,27.30800
2023-08-24,27.31390
2023-08-25,27.31880
2023-08-28,27.33430
2023-08-29,27.33880
2023-08-30,27.34420
2023-08-31,27.34930
2023-09-01,27.35550
2023-09-04,27.37090
2023-09-05,27.37660
2023-09-06,27.38160
2023-09-07,27.38640
2023-09-08,27.39140
2023-09-11,27.40610
2023-09-12,27.41040
2023-09-13,27.41600
2023-09-14,27.42100
2023-09-15,27.42640
2023-09-18,27.44040
2023-09-20,27.45090
2023-09-21,27.45380
2023-09-22,27.45900
2023-09-25,27.47470
2023-09-26,27.47740
2023-09-27,27.48140
2023-09-29,27.49700
2023-10-03,27.51910
2023-10-04,27.52660
2023-10-05,27.53130
2023-10-06,27.53290
2023-10-09,27.54750
2023-10-10,27.55290
2023-10-11,27.55810
2023-10-12,27.56230
2023-10-13,27.56690
2023-10-16,27.57660
2023-10-17,27.58160
2023-10-18,27.58820
2023-10-19,27.58970
2023-10-20,27.59640
2023-10-23,27.61140
2023-10-25,27.62200
2023-10-26,27.62800
2023-10-27,27.63420
2023-10-30,27.64620
2023-10-31,27.65160
2023-11-01,27.65780
2023-11-02,27.66240
2023-11-03,27.66880
2023-11-06,27.68560
2023-11-07,27.69170
2023-11-08,27.69740
2023-11-09,27.70000
2023-11-10,27.70360
2023-11-13,27.72000
2023-11-15,27.73100
2023-11-16,27.73560
2023-11-17,27.74160
2023-11-20,27.75780
2023-11-21,27.76160
2023-11-22,27.76630
2023-11-23,27.77050
2023-11-24,27.77580
2023-11-28,27.79630
2023-11-29,27.80210
2023-11-30,27.80660
2023-12-01,27.81060
2023-12-04,27.82620
2023-12-05,27.83190
2023-12-06,27.83740
2023-12-07,27.84290
2023-12-08,27.84750
2023-12-11,27.86280
2023-12-12,27.86530
2023-12-13,27.86950
2023-12-14,27.87520
2023-12-15,27.87950
2023-12-18,27.89500
2023-12-19,27.90070
2023-12-20,27.90700
2023-12-21,27.91320
2023-12-22,27.91660
2023-12-26,27.93980
2023-12-27,27.94350
2023-12-28,27.95000
2023-12-29,27.96220
2024-01-01,27.98140
2024-01-02,27.98830
2024-01-03,27.99390
2024-01-04,27.99850
2024-01-05,28.00340
2024-01-08,28.01970
2024-01-09,28.02510
2024-01-10,28.02980
2024-01-11,28.03450
2024-01-12,28.04020
2024-01-15,28.05660
2024-01-16,28.06070
2024-01-17,28.06570
2024-01-18,28.06920
2024-01-19,28.07460
2024-01-23,28.09270
2024-01-24,28.09770
2024-01-25,28.10250
2024-01-29,28.12500
2024-01-30,28.12890
2024-01-31,28.13400
2024-02-01,28.14200
2024-02-02,28.14840
2024-02-05,28.16260
2024-02-06,28.16740
2024-02-07,28.17590
2024-02-08,28.18250
2024-02-09,28.18230
2024-02-12,28.19480
2024-02-13,28.19600
2024-02-14,28.20600
2024-02-15,28.21470
2024-02-16,28.22260
2024-02-20,28.24580
2024-02-21,28.25310
2024-02-22,28.26860
2024-02-23,28.27320
2024-02-26,28.28970
2024-02-27,28.29410
2024-02-28,28.30240
2024-02-29,28.30800
2024-03-01,28.31570
2024-03-04,28.33490
2024-03-05,28.34250
2024-03-06,28.35380
2024-03-07,28.36000
2024-03-11,28.38370
2024-03-12,28.39140
2024-03-13,28.39980
2024-03-14,28.40270
2024-03-15,28.40470
2024-03-18,28.42460
2024-03-19,28.42850
2024-03-20,28.43310
2024-03-21,28.44290
2024-03-22,28.44620
2024-03-26,28.46480
2024-03-27,28.46960
2024-03-28,28.50140
2024-03-31,28.51600
2024-04-02,28.53810
2024-04-03,28.54120
2024-04-04,28.55120
2024-04-05,28.55970
2024-04-08,28.57520
2024-04-10,28.59390
2024-04-12,28.60730
2024-04-15,28.62280
2024-04-16,28.62960
2024-04-18,28.63730
2024-04-19,28.64150
2024-04-22,28.65560
2024-04-23,28.66350
2024-04-24,28.66560
2024-04-25,28.66810
2024-04-26,28.67290
2024-04-29,28.68170
2024-04-30,28.68740
2024-05-02,28.70000
2024-05-03,28.70590
2024-05-06,28.72430
2024-05-07,28.73150
2024-05-08,28.73590
2024-05-09,28.73710
2024-05-10,28.74070
2024-05-13,28.75800
2024-05-14,28.76600
2024-05-15,28.77140
2024-05-16,28.77590
2024-05-17,28.78120
2024-05-21,28.80580
2024-05-22,28.81170
2024-05-24,28.82320
2024-05-27,28.83710
2024-05-28,28.84170
2024-05-29,28.84850
2024-05-30,28.85550
2024-05-31,28.86140
2024-06-03,28.87900
2024-06-04,28.88040
2024-06-05,28.88480
2024-06-06,28.88990
2024-06-07,28.89510
2024-06-10,28.91230
2024-06-11,28.91970
2024-06-12,28.92780
2024-06-13,28.93460
2024-06-14,28.94020
2024-06-18,28.96290
2024-06-19,28.96860
2024-06-20,28.97500
2024-06-21,28.98080
2024-06-24,28.99630
2024-06-25,29.00100
2024-06-26,29.00570
2024-06-27,29.01030
2024-06-28,29.02230
2024-06-30,29.03340
2024-07-01,29.04470
2024-07-02,29.05720
2024-07-03,29.06530
2024-07-04,29.07150
2024-07-05,29.07700
2024-07-08,29.09380
2024-07-09,29.09900
2024-07-10,29.10450
2024-07-11,29.11120
2024-07-12,29.11640
2024-07-15,29.13360
2024-07-16,29.13920
2024-07-18,29.15120
2024-07-19,29.15840
2024-07-22,29.17610
2024-07-23,29.18210
2024-07-24,29.18780
2024-07-25,29.19420
2024-07-26,29.20020
2024-07-29,29.21710
2024-07-30,29.22300
2024-07-31,29.22830
2024-08-01,29.23500
2024-08-02,29.23860
2024-08-05,29.25670
2024-08-06,29.26190
2024-08-07,29.26790
2024-08-08,29.27250
2024-08-09,29.27880
2024-08-12,29.29460
2024-08-13,29.29610
2024-08-14,29.30030
2024-08-16,29.31160
2024-08-19,29.32990
2024-08-20,29.33850
2024-08-21,29.34620
2024-08-22,29.35380
2024-08-23,29.35940
2024-08-26,29.37550
2024-08-27,29.37920
2024-08-28,29.38490
2024-08-29,29.38820
2024-08-30,29.39320
2024-09-02,29.41020
2024-09-03,29.41670
2024-09-04,29.42160
2024-09-05,29.42650
2024-09-06,29.43120
2024-09-09,29.44920
2024-09-10,29.45480
2024-09-11,29.45970
2024-09-12,29.46380
2024-09-13,29.47160
2024-09-16,29.48830
2024-09-17,29.49570
2024-09-19,29.50890
2024-09-20,29.51580
2024-09-23,29.53260
2024-09-24,29.53860
2024-09-25,29.54370
2024-09-26,29.55020
2024-09-27,29.55710
2024-09-30,29.58620
2024-10-01,29.59420
2024-10-03,29.60770
2024-10-04,29.61510
2024-10-07,29.63280
2024-10-08,29.63880
2024-10-09,29.65130
2024-10-10,29.65760
2024-10-11,29.66560
2024-10-14,29.68100
2024-10-15,29.68540
2024-10-16,29.69180
2024-10-17,29.69710
2024-10-18,29.70230
2024-10-21,29.71440
2024-10-22,29.72110
2024-10-23,29.72530
2024-10-24,29.73130
2024-10-25,29.73820
2024-10-28,29.75370
2024-10-29,29.75950
2024-10-30,29.76530
2024-10-31,29.77350
2024-11-04,29.79650
2024-11-05,29.80340
2024-11-06,29.80880
2024-11-07,29.81680
2024-11-08,29.82300
2024-11-11,29.83900
2024-11-12,29.84460
2024-11-13,29.85060
2024-11-14,29.85680
2024-11-18,29.87940
2024-11-19,29.88450
2024-11-21,29.89380
2024-11-22,29.90020
2024-11-25,29.91760
2024-11-26,29.92280
2024-11-27,29.92790
2024-11-28,29.93220
2024-11-29,29.93710
2024-12-02,29.95670
2024-12-03,29.96200
2024-12-04,29.96920
2024-12-05,29.98040
2024-12-06,29.98840
2024-12-09,30.00460
2024-12-10,30.00950
2024-12-11,30.01400
2024-12-12,30.01450
2024-12-13,30.01410
2024-12-16,30.03160
2024-12-17,30.03790
2024-12-18,30.04230
2024-12-19,30.04500
2024-12-20,30.05090
2024-12-23,30.06210
2024-12-24,30.06440
2024-12-26,30.07510
2024-12-27,30.08310
2024-12-30,30.09980
2024-12-31,30.11800
2025-01-01,30.12680
2025-01-02,30.13470
2025-01-03,30.13950
2025-01-06,30.15550
2025-01-07,30.15940
2025-01-08,30.15910
2025-01-09,30.15870
2025-01-10,30.16720
2025-01-13,30.18250
2025-01-14,30.18680
2025-01-15,30.19520
2025-01-16,30.20430
2025-01-17,30.21100
2025-01-20,30.22820
2025-01-21,30.23450
2025-01-22,30.23780
2025-01-23,30.24110
2025-01-24,30.24770
2025-01-27,30.26660
2025-01-28,30.27400
2025-01-29,30.28300
2025-01-30,30.29220
2025-01-31,30.29720
2025-02-03,30.31340
2025-02-04,30.32360
2025-02-05,30.33500
2025-02-06,30.35070
2025-02-07,30.35150
2025-02-10,30.36070
2025-02-11,30.36650
2025-02-12,30.37290
2025-02-13,30.38140
2025-02-14,30.38710
2025-02-17,30.40360
2025-02-18,30.40780
2025-02-20,30.42130
2025-02-21,30.42710
2025-02-24,30.45100
2025-02-25,30.45410
2025-02-27,30.46530
2025-02-28,30.47070
2025-03-03,30.48380
2025-03-04,30.48720
2025-03-05,30.48880
2025-03-06,30.49270
2025-03-07,30.49750
2025-03-10,30.51870
2025-03-11,30.52530
2025-03-12,30.53060
2025-03-13,30.53790
2025-03-17,30.56370
2025-03-18,30.57270
2025-03-19,30.58270
2025-03-20,30.59590
2025-03-21,30.61790
2025-03-24,30.65150
2025-03-25,30.65670
2025-03-26,30.67230
2025-03-27,30.67810
2025-03-28,30.72310
2025-03-31,30.73980
2025-04-02,30.79140
2025-04-03,30.81480
2025-04-04,30.82320
2025-04-07,30.83970
2025-04-08,30.84670
2025-04-09,30.86850
2025-04-11,30.88760
2025-04-15,30.91220
2025-04-16,30.91880
2025-04-17,30.92880
2025-04-21,30.95900
2025-04-22,30.96640
2025-04-23,30.97260
2025-04-24,30.98250
2025-04-25,30.98240
2025-04-28,30.99900
2025-04-29,31.00460
2025-04-30,31.00630
2025-05-02,31.02020
2025-05-05,31.03820
2025-05-06,31.04800
2025-05-07,31.05250
2025-05-08,31.04630
2025-05-09,31.03910
2025-05-13,31.07270
2025-05-14,31.09460
2025-05-15,31.10020
2025-05-16,31.11500
2025-05-19,31.13480
2025-05-20,31.14650
2025-05-21,31.15750
2025-05-22,31.15920
2025-05-23,31.16960
2025-05-26,31.18530
2025-05-27,31.19360
2025-05-28,31.20390
2025-05-29,31.21410
2025-05-30,31.21890
2025-06-02,31.23640
2025-06-03,31.24980
2025-06-04,31.25930
2025-06-05,31.26920
2025-06-06,31.31700
2025-06-09,31.33880
2025-06-10,31.32540
2025-06-11,31.31450
2025-06-12,31.31810
2025-06-13,31.31940
2025-06-16,31.33550
2025-06-17,31.33990
2025-06-18,31.34840
2025-06-19,31.35450
2025-06-20,31.35980
2025-06-23,31.37780
2025-06-24,31.38300
2025-06-25,31.38120
2025-06-26,31.38720
2025-06-27,31.39430
2025-06-30,31.41200
2025-07-01,31.43320
2025-07-02,31.45460
2025-07-03,31.46070
2025-07-04,31.46550
2025-07-07,31.48190
2025-07-08,31.48490
2025-07-09,31.48550
2025-07-10,31.49250
2025-07-11,31.49460
2025-07-14,31.51350
2025-07-15,31.51940
2025-07-16,31.52330
2025-07-17,31.52900
2025-07-18,31.53570
2025-07-21,31.54920
2025-07-22,31.55250
2025-07-23,31.56070
2025-07-24,31.56510
2025-07-25,31.56890
2025-07-28,31.58110
2025-07-29,31.58330
2025-07-30,31.58770
2025-07-31,31.59380
2025-08-01,31.60080
2025-08-04,31.62060
2025-08-05,31.62830
2025-08-06,31.62590
2025-08-07,31.62970
2025-08-08,31.63280
2025-08-11,31.64540
2025-08-12,31.64590
2025-08-13,31.65000
2025-08-14,31.65520
2025-08-18,31.67480
2025-08-19,31.68160
2025-08-20,31.68720
2025-08-21,31.69320
2025-08-22,31.69780
2025-08-25,31.71220
2025-08-26,31.71660
2025-08-28,31.72560
2025-08-29,31.72720
2025-09-01,31.74210
2025-09-02,31.74360
2025-09-03,31.74650
2025-09-04,31.75080
2025-09-05,31.75580
2025-09-09,31.76950
2025-09-10,31.77260
2025-09-11,31.77950
2025-09-12,31.78110
2025-09-15,31.79620
2025-09-16,31.80450
2025-09-17,31.81230
2025-09-18,31.82150
2025-09-19,31.82720
2025-09-22,31.84260
2025-09-23,31.84830
2025-09-24,31.85210
2025-09-25,31.85480
2025-09-26,31.85870
2025-09-30,31.89030
2025-10-01,31.90160
2025-10-03,31.91730
2025-10-06,31.93550
2025-10-07,31.93860
2025-10-08,31.94270
2025-10-09,31.94720
2025-10-10,31.95230
2025-10-13,31.96830
2025-10-14,31.97290
2025-10-15,31.97800
2025-10-16,31.97950
2025-10-17,31.98310
2025-10-20,31.99830
2025-10-23,32.01260
2025-10-24,32.01740
2025-10-27,32.03370
2025-10-28,32.04090
2025-10-29,32.04530
2025-10-30,32.04940
2025-10-31,32.05480
2025-11-03,32.07070
2025-11-04,32.07640
2025-11-06,32.08670
2025-11-07,32.09300
2025-11-10,32.10920
2025-11-11,32.11450
2025-11-12,32.12270
2025-11-13,32.12850
2025-11-14,32.13400
2025-11-17,32.15000
2025-11-18,32.15630
2025-11-19,32.16270
2025-11-20,32.16760
2025-11-21,32.17280
2025-11-24,32.18860
2025-11-25,32.19660
2025-11-26,32.20290
2025-11-27,32.20950
2025-11-28,32.21550
2025-12-01,32.22860
2025-12-02,32.23260
2025-12-03,32.23620
2025-12-04,32.23970
2025-12-05,32.25230
2025-12-08,32.26890
2025-12-09,32.27160
2025-12-10,32.27200
2025-12-11,32.27670
2025-12-12,32.28180
2025-12-15,32.29560
2025-12-16,32.30040
2025-12-17,32.30420
2025-12-18,32.30960
2025-12-19,32.31480
2025-12-22,32.33190
2025-12-23,32.33560
2025-12-24,32.35160
2025-12-26,32.36010
2025-12-29,32.37520
2025-12-30,32.37290
2025-12-31,32.39460
2026-01-01,32.40020
2026-01-02,32.40200
2026-01-05,32.41370
2026-01-06,32.41810
2026-01-07,32.41200
2026-01-08,32.41170
2026-01-09,32.41260
2026-01-12,32.42810
2026-01-13,32.42440
2026-01-14,32.42830
2026-01-16,32.42860
2026-01-19,32.43510
2026-01-20,32.43530
2026-01-21,32.44210
2026-01-22,32.45610
2026-01-23,32.45810
2026-01-27,32.48190
2026-01-28,32.47600
2026-01-29,32.47900
2026-01-30,32.49060
2026-02-02,32.50890
2026-02-03,32.52650
2026-02-04,32.53880
2026-02-05,32.54830
2026-02-06,32.54870
2026-02-09,32.56170
2026-02-10,32.56840
2026-02-11,32.57840
2026-02-12,32.59200
2026-02-13,32.60450
2026-02-16,32.61910
2026-02-17,32.62330
2026-02-18,32.62450
2026-02-20,32.63560
2026-02-23,32.65190
2026-02-24,32.65920
2026-02-25,32.66640
2026-02-26,32.67330
2026-02-27,32.67880
2026-03-02,32.69130
2026-03-04,32.69050
2026-03-05,32.69540
2026-03-06,32.70500
2026-03-09,32.70910
2026-03-10,32.71640
2026-03-11,32.72520
2026-03-12,32.72170
2026-03-13,32.70000
2026-03-16,32.71310
2026-03-17,32.72670
2026-03-18,32.75070
2026-03-20,32.75180
2026-03-23,32.73600
2026-03-24,32.72270
2026-03-25,32.73260
2026-03-27,32.75520
2026-03-30,32.78860
2026-03-31,32.79540
2026-04-02,32.80750
2026-04-06,32.82110
2026-04-07,32.83710
2026-04-08,32.88940
2026-04-09,32.92520
2026-04-10,32.94420
2026-04-13,32.96510
2026-04-15,32.98800
2026-04-16,32.99860
2026-04-17,32.99740
2026-04-20,33.01390
2026-04-21,33.01870
2026-04-22,33.02100
2026-04-23,33.01250
2026-04-24,33.00980
2026-04-27,33.01460
2026-04-28,33.01780
2026-04-29,33.01190
2026-04-30,33.00390
2026-05-04,33.03220
2026-05-05,33.03550
2026-05-06,33.04960
2026-05-07,33.05490
2026-05-08,33.06210
2026-05-11,33.06640
2026-05-12,33.05940
2026-05-13,33.05940
2026-05-14,33.05370
2026-05-15,33.05020
2026-05-18,33.05100
2026-05-19,33.05660
2026-05-20,33.04550
2026-05-21,33.02540
2026-05-22,33.02220
2026-05-25,33.03540
2026-05-26,33.03080
2026-05-27,33.04280
2026-05-29,33.07060
2026-06-01,33.10180
2026-06-02,33.11130
2026-06-03,33.11790
2026-06-04,33.12300
2026-06-05,33.15410
2026-06-08,33.18380
2026-06-09,33.21750
2026-06-10,33.22310
2026-06-11,33.21130
2026-06-12,33.22450
2026-06-15,33.25630
2026-06-16,33.27750
2026-06-17,33.28500
2026-06-18,33.29500
2026-06-19,33.29870
2026-06-22,33.32010
2026-06-23,33.32690
2026-06-24,33.34670
2026-06-25,33.37240
2026-06-29,33.41540
2026-06-30,33.43550
2026-07-01,33.46160
2026-07-02,33.48280
2026-07-03,33.48010
2026-07-06,33.49170
2026-07-07,33.47370
2026-07-08,33.45730
2026-07-09,33.47440
2026-07-10,33.47990
2026-07-13,33.48920
2026-07-14,33.47040
2026-07-15,33.47650
2026-07-16,33.48950
2026-07-17,33.50790
2026-07-20,33.51440
2026-07-21,33.53170
2026-07-22,33.53350
2026-07-23,33.54260
2026-07-24,33.55050
2026-07-27,33.57580
2026-07-28,33.58340
2026-07-29,33.58520
2026-07-30,33.58940
2026-07-31,33.60150
2026-08-03,33.62620
2026-08-04,33.63420
2026-08-05,33.64900
2026-08-06,33.65730
2026-08-07,33.66560
2026-08-10,33.68910
2026-08-11,33.69660
2026-08-12,33.70110
2026-08-13,33.70840
2026-08-14,33.71770
2026-08-17,33.73040
2026-08-18,33.73550
2026-08-19,33.74160
2026-08-20,33.72780
2026-08-21,33.72770
2026-08-24,33.74920
2026-08-25,33.76650
2026-08-27,33.78410
2026-08-28,33.78960
2026-08-31,33.81080
2026-09-01,33.82220
2026-09-02,33.84950
2026-09-03,33.86320
2026-09-04,33.87250
2026-09-07,33.89520
2026-09-08,33.90120
2026-09-09,33.90420
2026-09-10,33.90190
2026-09-11,33.89820
2026-09-15,33.90420
2026-09-16,33.91190
2026-09-17,33.91840
2026-09-18,33.92100
2026-09-21,33.94100
2026-09-22,33.95120
2026-09-23,33.95870
2026-09-24,33.95590
2026-09-25,33.95430
2026-09-28,33.97030
2026-09-29,33.97160
2026-09-30,33.98690
2026-10-01,34.00020
2026-10-05,34.02680
2026-10-06,34.02940
2026-10-07,34.03550
2026-10-08,34.04490
2026-10-09,34.05760
