Date,NAV
2018-04-03,10.00610
2018-04-04,9.98720
2018-04-05,10.03520
2018-04-06,10.02510
2018-04-09,10.02880
2018-04-10,10.04680
2018-04-11,10.06860
2018-04-12,10.05230
2018-04-13,10.06650
2018-04-16,10.08330
2018-04-17,10.06550
2018-04-18,10.06840
2018-04-19,10.11380
2018-04-20,10.10600
2018-04-23,10.12380
2018-04-24,10.14450
2018-04-25,10.10710
2018-04-26,10.11340
2018-04-27,10.12080
2018-04-30,10.15420
2018-05-02,10.12300
2018-05-03,10.08380
2018-05-04,10.07530
2018-05-07,10.09270
2018-05-08,10.08940
2018-05-09,10.04590
2018-05-10,9.99180
2018-05-11,10.01440
2018-05-14,10.00810
2018-05-15,9.94550
2018-05-16,9.96350
2018-05-17,9.95990
2018-05-18,9.90340
2018-05-21,9.78950
2018-05-22,9.85680
2018-05-23,9.83420
2018-05-24,9.82350
2018-05-25,9.86500
2018-05-28,9.93860
2018-05-29,9.92600
2018-05-30,9.86730
2018-05-31,9.83360
2018-06-01,9.75030
2018-06-04,9.63810
2018-06-05,9.50520
2018-06-06,9.55840
2018-06-07,9.67830
2018-06-08,9.69150
2018-06-11,9.73350
2018-06-12,9.76540
2018-06-13,9.76900
2018-06-14,9.79000
2018-06-15,9.73350
2018-06-18,9.69220
2018-06-19,9.58810
2018-06-20,9.56970
2018-06-21,9.53660
2018-06-22,9.56080
2018-06-25,9.47940
2018-06-26,9.42460
2018-06-27,9.31460
2018-06-28,9.19440
2018-06-29,9.30300
2018-07-02,9.25860
2018-07-03,9.27610
2018-07-04,9.29570
2018-07-05,9.26990
2018-07-06,9.26690
2018-07-09,9.38770
2018-07-10,9.42670
2018-07-11,9.39440
2018-07-12,9.38430
2018-07-13,9.27970
2018-07-16,9.10190
2018-07-17,9.10590
2018-07-18,9.01860
2018-07-19,8.95820
2018-07-20,8.90590
2018-07-23,8.98880
2018-07-24,9.12510
2018-07-25,9.14250
2018-07-26,9.15020
2018-07-27,9.26830
2018-07-30,9.31350
2018-07-31,9.30940
2018-08-01,9.27120
2018-08-02,9.30730
2018-08-03,9.36480
2018-08-06,9.38460
2018-08-07,9.35310
2018-08-08,9.36870
2018-08-09,9.37880
2018-08-10,9.31750
2018-08-13,9.19560
2018-08-14,9.21580
2018-08-16,9.14320
2018-08-17,9.22950
2018-08-20,9.21150
2018-08-21,9.21000
2018-08-23,9.21650
2018-08-24,9.22360
2018-08-27,9.24680
2018-08-28,9.23810
2018-08-29,9.24490
2018-08-30,9.27730
2018-08-31,9.32160
2018-09-03,9.35640
2018-09-04,9.20770
2018-09-05,9.11870
2018-09-06,9.13970
2018-09-07,9.24670
2018-09-10,9.12890
2018-09-11,9.04130
2018-09-12,9.01920
2018-09-14,9.10230
2018-09-17,9.08430
2018-09-18,9.00160
2018-09-19,8.93940
2018-09-21,8.74400
2018-09-24,8.53670
2018-09-25,8.50040
2018-09-26,8.52890
2018-09-27,8.41200
2018-09-28,8.26740
2018-10-01,8.21320
2018-10-03,8.21610
2018-10-04,8.09760
2018-10-05,7.95460
2018-10-08,7.81940
2018-10-09,7.84440
2018-10-10,8.08190
2018-10-11,7.97580
2018-10-12,8.13360
2018-10-15,8.20640
2018-10-16,8.28630
2018-10-17,8.11370
2018-10-19,8.03950
2018-10-22,7.92380
2018-10-23,7.83360
2018-10-24,7.86670
2018-10-25,7.81700
2018-10-26,7.76520
2018-10-29,7.83830
2018-10-30,7.93360
2018-10-31,8.00790
2018-11-01,8.07750
2018-11-02,8.14400
2018-11-05,8.16480
2018-11-06,8.18540
2018-11-09,8.28890
2018-11-12,8.24750
2018-11-13,8.31430
2018-11-14,8.28850
2018-11-15,8.26590
2018-11-16,8.30140
2018-11-19,8.34470
2018-11-20,8.30760
2018-11-21,8.32670
2018-11-22,8.33280
2018-11-26,8.26310
2018-11-27,8.29630
2018-11-28,8.28050
2018-11-29,8.32690
2018-11-30,8.35040
2018-12-03,8.35270
2018-12-04,8.38900
2018-12-05,8.29020
2018-12-06,8.19450
2018-12-07,8.19140
2018-12-10,8.09570
2018-12-11,8.19540
2018-12-12,8.40410
2018-12-13,8.44890
2018-12-14,8.43680
2018-12-17,8.47810
2018-12-18,8.52720
2018-12-19,8.60800
2018-12-20,8.58870
2018-12-21,8.50720
2018-12-24,8.41280
2018-12-26,8.41620
2018-12-27,8.43830
2018-12-28,8.45990
2018-12-31,8.49120
2019-01-01,8.53400
2019-01-02,8.48340
2019-01-03,8.45040
2019-01-04,8.44090
2019-01-07,8.41390
2019-01-08,8.41810
2019-01-09,8.40220
2019-01-10,8.43310
2019-01-11,8.39980
2019-01-14,8.37220
2019-01-15,8.42850
2019-01-16,8.42480
2019-01-17,8.40930
2019-01-18,8.36650
2019-01-21,8.29950
2019-01-22,8.20360
2019-01-23,8.18450
2019-01-24,8.14150
2019-01-25,8.02940
2019-01-28,7.88130
2019-01-29,7.88960
2019-01-30,7.94730
2019-01-31,8.00810
2019-02-01,7.99660
2019-02-04,7.90310
2019-02-05,7.85740
2019-02-06,7.85510
2019-02-07,7.88080
2019-02-08,7.78750
2019-02-11,7.68730
2019-02-12,7.67070
2019-02-13,7.66170
2019-02-14,7.68780
2019-02-15,7.63010
2019-02-18,7.57450
2019-02-19,7.59430
2019-02-20,7.67050
2019-02-21,7.77300
2019-02-22,7.82540
2019-02-25,7.87980
2019-02-26,7.88520
2019-02-27,7.90890
2019-02-28,8.01640
2019-03-01,8.12780
2019-03-05,8.35770
2019-03-06,8.46600
2019-03-07,8.51460
2019-03-08,8.50590
2019-03-11,8.63710
2019-03-12,8.74320
2019-03-13,8.71800
2019-03-14,8.71330
2019-03-15,8.68080
2019-03-18,8.65290
2019-03-19,8.65770
2019-03-20,8.64090
2019-03-22,8.62020
2019-03-25,8.49830
2019-03-26,8.54260
2019-03-27,8.65640
2019-03-28,8.73530
2019-03-29,8.83900
2019-04-01,8.91880
2019-04-02,8.94070
2019-04-03,8.85620
2019-04-04,8.79580
2019-04-05,8.86150
2019-04-08,8.81720
2019-04-09,8.77090
2019-04-10,8.74700
2019-04-11,8.74030
2019-04-12,8.77490
2019-04-15,8.80880
2019-04-16,8.83300
2019-04-18,8.80170
2019-04-22,8.66710
2019-04-23,8.65100
2019-04-24,8.69220
2019-04-25,8.70300
2019-04-26,8.69540
2019-04-30,8.58090
2019-05-02,8.54040
2019-05-03,8.51720
2019-05-06,8.43200
2019-05-07,8.38780
2019-05-08,8.27770
2019-05-09,8.26740
2019-05-10,8.29010
2019-05-13,8.13600
2019-05-14,8.16450
2019-05-15,8.12170
2019-05-16,8.10360
2019-05-17,8.11950
2019-05-20,8.37580
2019-05-21,8.37720
2019-05-22,8.42950
2019-05-23,8.45300
2019-05-24,8.72010
2019-05-27,8.88080
2019-05-28,8.92410
2019-05-29,8.84680
2019-05-30,8.83950
2019-05-31,8.80710
2019-06-03,8.81690
2019-06-04,8.79110
2019-06-06,8.68580
2019-06-07,8.68930
2019-06-10,8.62200
2019-06-11,8.63230
2019-06-12,8.60610
2019-06-13,8.54630
2019-06-14,8.52610
2019-06-17,8.40010
2019-06-18,8.37680
2019-06-19,8.28570
2019-06-20,8.33370
2019-06-21,8.35110
2019-06-24,8.30030
2019-06-25,8.31660
2019-06-26,8.34890
2019-06-27,8.37810
2019-06-28,8.42110
2019-07-01,8.42290
2019-07-02,8.41680
2019-07-03,8.44060
2019-07-04,8.41440
2019-07-05,8.31170
2019-07-08,8.08770
2019-07-09,8.10390
2019-07-10,8.03120
2019-07-11,8.06970
2019-07-12,8.07990
2019-07-15,8.02420
2019-07-16,7.99070
2019-07-17,7.97040
2019-07-18,7.87440
2019-07-19,7.74800
2019-07-22,7.65360
2019-07-23,7.70590
2019-07-24,7.63390
2019-07-25,7.61170
2019-07-26,7.62140
2019-07-29,7.52000
2019-07-30,7.34370
2019-07-31,7.37620
2019-08-01,7.27230
2019-08-02,7.24670
2019-08-05,7.09320
2019-08-06,7.21530
2019-08-07,7.27880
2019-08-08,7.30050
2019-08-09,7.37560
2019-08-13,7.26600
2019-08-14,7.27680
2019-08-16,7.28510
2019-08-19,7.34670
2019-08-20,7.28520
2019-08-21,7.21240
2019-08-22,7.05660
2019-08-23,7.09840
2019-08-26,7.23430
2019-08-27,7.34880
2019-08-28,7.30420
2019-08-29,7.26380
2019-08-30,7.30290
2019-09-03,7.18980
2019-09-04,7.21610
2019-09-05,7.25830
2019-09-06,7.31880
2019-09-09,7.33160
2019-09-11,7.45630
2019-09-12,7.46340
2019-09-13,7.53950
2019-09-16,7.56330
2019-09-17,7.44360
2019-09-18,7.44830
2019-09-19,7.36310
2019-09-20,7.69970
2019-09-23,7.98420
2019-09-24,7.96810
2019-09-25,7.85680
2019-09-26,7.85650
2019-09-27,7.84810
2019-09-30,7.78490
2019-10-01,7.67540
2019-10-03,7.62240
2019-10-04,7.55620
2019-10-07,7.49420
2019-10-09,7.55650
2019-10-10,7.49690
2019-10-11,7.47290
2019-10-14,7.45770
2019-10-15,7.44640
2019-10-16,7.45240
2019-10-17,7.51560
2019-10-18,7.63290
2019-10-22,7.67890
2019-10-23,7.70390
2019-10-24,7.70790
2019-10-25,7.65200
2019-10-29,7.76780
2019-10-30,7.84240
2019-10-31,7.90730
2019-11-01,7.91770
2019-11-04,7.97290
2019-11-05,7.92560
2019-11-06,7.89670
2019-11-07,7.89080
2019-11-08,7.90070
2019-11-11,7.84940
2019-11-13,7.82960
2019-11-14,7.78010
2019-11-15,7.77890
2019-11-18,7.77650
2019-11-19,7.73640
2019-11-20,7.74060
2019-11-21,7.69950
2019-11-22,7.67110
2019-11-25,7.73350
2019-11-26,7.73360
2019-11-27,7.74120
2019-11-28,7.78390
2019-11-29,7.85520
2019-12-02,7.80270
2019-12-03,7.74190
2019-12-04,7.75230
2019-12-05,7.74020
2019-12-06,7.67100
2019-12-09,7.59570
2019-12-10,7.51870
2019-12-11,7.49180
2019-12-12,7.59070
2019-12-13,7.60060
2019-12-16,7.59160
2019-12-17,7.64350
2019-12-18,7.62700
2019-12-19,7.60490
2019-12-20,7.62190
2019-12-23,7.63380
2019-12-24,7.65450
2019-12-26,7.71630
2019-12-27,7.77190
2019-12-30,7.80440
2019-12-31,7.81370
2020-01-01,7.81420
2020-01-02,7.93350
2020-01-03,7.93740
2020-01-06,7.79680
2020-01-07,7.85950
2020-01-08,7.87760
2020-01-09,7.99720
2020-01-10,8.02160
2020-01-13,8.09870
2020-01-14,8.15370
2020-01-15,8.23260
2020-01-16,8.31700
2020-01-17,8.36990
2020-01-20,8.34990
2020-01-21,8.31320
2020-01-22,8.32950
2020-01-23,8.36540
2020-01-24,8.47090
2020-01-27,8.49260
2020-01-28,8.51180
2020-01-29,8.53040
2020-01-30,8.43090
2020-01-31,8.45140
2020-02-03,8.22250
2020-02-04,8.37440
2020-02-05,8.41270
2020-02-06,8.42520
2020-02-07,8.42590
2020-02-10,8.40460
2020-02-11,8.40010
2020-02-12,8.35250
2020-02-13,8.34310
2020-02-14,8.38010
2020-02-17,8.28510
2020-02-18,8.25420
2020-02-19,8.36830
2020-02-20,8.43440
2020-02-24,8.30380
2020-02-25,8.36140
2020-02-26,8.33190
2020-02-27,8.28890
2020-02-28,8.03030
2020-03-02,7.87180
2020-03-03,7.95160
2020-03-04,7.80680
2020-03-05,7.84720
2020-03-06,7.69040
2020-03-09,7.30020
2020-03-11,7.29870
2020-03-12,6.68240
2020-03-13,6.78650
2020-03-16,6.44340
2020-03-17,6.32260
2020-03-18,5.89780
2020-03-19,5.59810
2020-03-20,5.70180
2020-03-23,5.06420
2020-03-24,4.99910
2020-03-25,5.11340
2020-03-26,5.34620
2020-03-27,5.39480
2020-03-30,5.19530
2020-03-31,5.32610
2020-04-01,5.28600
2020-04-03,5.27300
2020-04-07,5.39710
2020-04-08,5.49390
2020-04-09,5.63710
2020-04-13,5.59290
2020-04-15,5.46550
2020-04-16,5.55900
2020-04-17,5.74650
2020-04-20,5.85570
2020-04-21,5.65930
2020-04-22,5.70910
2020-04-23,5.79320
2020-04-24,5.66150
2020-04-27,5.69310
2020-04-28,5.68660
2020-04-29,5.71170
2020-04-30,5.76540
2020-05-04,5.55180
2020-05-05,5.49100
2020-05-06,5.49960
2020-05-07,5.50810
2020-05-08,5.44950
2020-05-11,5.41590
2020-05-12,5.35860
2020-05-13,5.50140
2020-05-14,5.46770
2020-05-15,5.49080
2020-05-18,5.34250
2020-05-19,5.30070
2020-05-20,5.37440
2020-05-21,5.43210
2020-05-22,5.40910
2020-05-26,5.43030
2020-05-27,5.42160
2020-05-28,5.52180
2020-05-29,5.60450
2020-06-01,5.74960
2020-06-02,5.85770
2020-06-03,5.91700
2020-06-04,5.96220
2020-06-05,6.09910
2020-06-08,6.16180
2020-06-09,6.07610
2020-06-10,6.12110
2020-06-11,6.03080
2020-06-12,6.03640
2020-06-15,5.99040
2020-06-16,5.95280
2020-06-17,6.02930
2020-06-18,6.10490
2020-06-19,6.21270
2020-06-22,6.28890
2020-06-23,6.35970
2020-06-24,6.30250
2020-06-25,6.29150
2020-06-26,6.33420
2020-06-29,6.23010
2020-06-30,6.20810
2020-07-01,6.25570
2020-07-02,6.32220
2020-07-03,6.32440
2020-07-06,6.37900
2020-07-07,6.41450
2020-07-08,6.38700
2020-07-09,6.43470
2020-07-10,6.54940
2020-07-13,6.51680
2020-07-14,6.43890
2020-07-15,6.42220
2020-07-16,6.38560
2020-07-17,6.43910
2020-07-20,6.51030
2020-07-21,6.57810
2020-07-22,6.55720
2020-07-23,6.73640
2020-07-24,6.68550
2020-07-27,6.61190
2020-07-28,6.65680
2020-07-29,6.62240
2020-07-30,6.55980
2020-07-31,6.60690
2020-08-03,6.63740
2020-08-04,6.65250
2020-08-05,6.72320
2020-08-06,6.75330
2020-08-07,6.84100
2020-08-10,6.94230
2020-08-11,6.96720
2020-08-12,6.96790
2020-08-13,7.04810
2020-08-14,6.99190
2020-08-17,7.08990
2020-08-18,7.18930
2020-08-19,7.29180
2020-08-20,7.35240
2020-08-21,7.43500
2020-08-24,7.53760
2020-08-25,7.55730
2020-08-26,7.62410
2020-08-27,7.61900
2020-08-28,7.63580
2020-08-31,7.31120
2020-09-01,7.23740
2020-09-02,7.33640
2020-09-03,7.34410
2020-09-04,7.26630
2020-09-07,7.24670
2020-09-08,7.18330
2020-09-09,7.08390
2020-09-10,7.16230
2020-09-11,7.17880
2020-09-14,7.48540
2020-09-15,7.54330
2020-09-16,7.60440
2020-09-17,7.59590
2020-09-18,7.57320
2020-09-21,7.29440
2020-09-22,7.17480
2020-09-23,7.19840
2020-09-24,7.00660
2020-09-25,7.12710
2020-09-28,7.23700
2020-09-29,7.23040
2020-09-30,7.29490
2020-10-01,7.35220
2020-10-05,7.35250
2020-10-06,7.39880
2020-10-07,7.38730
2020-10-08,7.34210
2020-10-09,7.33390
2020-10-12,7.29280
2020-10-13,7.31670
2020-10-14,7.32120
2020-10-15,7.20380
2020-10-16,7.24730
2020-10-19,7.29820
2020-10-20,7.32880
2020-10-21,7.33680
2020-10-22,7.37650
2020-10-23,7.42480
2020-10-26,7.38430
2020-10-27,7.41290
2020-10-28,7.34890
2020-10-29,7.35460
2020-10-30,7.35410
2020-11-02,7.31450
2020-11-03,7.35180
2020-11-04,7.39210
2020-11-05,7.49410
2020-11-06,7.51200
2020-11-09,7.53690
2020-11-10,7.52570
2020-11-11,7.52590
2020-11-12,7.57990
2020-11-13,7.61440
2020-11-17,7.77780
2020-11-18,7.80590
2020-11-19,7.84320
2020-11-20,7.90620
2020-11-23,8.00790
2020-11-24,8.05460
2020-11-25,8.00940
2020-11-26,8.07520
2020-11-27,8.24610
2020-12-01,8.33950
2020-12-02,8.38550
2020-12-03,8.47430
2020-12-04,8.48610
2020-12-07,8.62940
2020-12-08,8.59180
2020-12-09,8.60450
2020-12-10,8.51360
2020-12-11,8.58830
2020-12-14,8.75430
2020-12-15,8.80270
2020-12-16,8.96400
2020-12-17,8.96400
2020-12-18,8.91600
2020-12-21,8.49860
2020-12-22,8.60300
2020-12-23,8.86700
2020-12-24,8.95780
2020-12-28,9.04440
2020-12-29,9.06340
2020-12-30,9.11410
2020-12-31,9.13780
2021-01-01,9.20990
2021-01-04,9.24610
2021-01-05,9.31590
2021-01-06,9.30780
2021-01-07,9.37790
2021-01-08,9.44530
2021-01-11,9.42450
2021-01-12,9.43110
2021-01-13,9.35380
2021-01-14,9.38540
2021-01-15,9.35090
2021-01-18,9.18920
2021-01-19,9.28670
2021-01-20,9.30000
2021-01-21,9.27850
2021-01-22,9.21770
2021-01-25,9.15580
2021-01-27,9.08990
2021-01-28,9.03390
2021-01-29,9.06040
2021-02-01,9.27200
2021-02-02,9.46800
2021-02-03,9.54900
2021-02-04,9.66430
2021-02-05,9.65680
2021-02-08,9.79890
2021-02-09,9.77380
2021-02-10,9.77840
2021-02-11,9.83230
2021-02-12,9.90190
2021-02-15,9.89120
2021-02-16,9.88760
2021-02-17,9.94100
2021-02-18,10.04410
2021-02-19,10.03080
2021-02-22,9.92190
2021-02-23,9.97470
2021-02-24,10.06640
2021-02-25,10.17740
2021-02-26,10.11810
2021-03-01,10.24560
2021-03-02,10.31970
2021-03-03,10.40010
2021-03-04,10.46000
2021-03-05,10.30320
2021-03-08,10.34070
2021-03-09,10.29740
2021-03-10,10.37180
2021-03-12,10.36800
2021-03-15,10.30570
2021-03-16,10.35240
2021-03-17,10.14110
2021-03-18,9.99260
2021-03-19,10.02510
2021-03-22,10.07940
2021-03-23,10.18410
2021-03-24,10.03290
2021-03-25,9.88690
2021-03-26,9.98890
2021-03-30,10.11280
2021-03-31,10.15250
2021-04-01,10.31850
2021-04-05,10.16950
2021-04-06,10.26620
2021-04-07,10.39510
2021-04-08,10.52510
2021-04-09,10.55970
2021-04-12,10.02510
2021-04-13,10.11070
2021-04-15,10.02460
2021-04-16,10.13610
2021-04-19,9.94940
2021-04-20,10.02730
2021-04-22,10.12130
2021-04-23,10.18680
2021-04-26,10.30110
2021-04-27,10.47210
2021-04-28,10.53540
2021-04-29,10.61260
2021-04-30,10.66690
2021-05-03,10.78030
2021-05-04,10.79260
2021-05-05,10.91000
2021-05-06,11.00620
2021-05-07,11.00940
2021-05-10,11.08460
2021-05-11,11.18400
2021-05-12,11.06960
2021-05-14,11.01980
2021-05-17,11.12300
2021-05-18,11.23500
2021-05-19,11.30820
2021-05-20,11.39450
2021-05-21,11.53380
2021-05-24,11.70430
2021-05-25,11.75290
2021-05-26,11.84830
2021-05-27,11.89620
2021-05-28,11.83960
2021-05-31,11.88190
2021-06-01,11.86410
2021-06-02,12.01220
2021-06-03,12.12960
2021-06-04,12.27350
2021-06-07,12.41980
2021-06-08,12.54550
2021-06-09,12.38990
2021-06-10,12.56550
2021-06-11,12.57200
2021-06-14,12.49870
2021-06-15,12.59450
2021-06-16,12.49310
2021-06-17,12.45470
2021-06-18,12.38930
2021-06-21,12.42010
2021-06-22,12.55010
2021-06-23,12.54900
2021-06-24,12.51030
2021-06-25,12.64840
2021-06-28,12.72460
2021-06-29,12.82810
2021-06-30,12.92860
2021-07-01,13.01710
2021-07-02,13.13700
2021-07-05,13.26260
2021-07-06,13.20090
2021-07-07,13.34480
2021-07-08,13.29950
2021-07-09,13.37390
2021-07-12,13.55570
2021-07-13,13.62700
2021-07-14,13.64120
2021-07-15,13.63040
2021-07-16,13.76150
2021-07-19,13.77820
2021-07-20,13.55900
2021-07-22,13.73300
2021-07-23,13.75490
2021-07-26,13.81260
2021-07-27,13.84640
2021-07-28,13.78360
2021-07-29,13.91990
2021-07-30,13.97420
2021-08-02,14.10880
2021-08-03,14.11920
2021-08-04,14.00640
2021-08-05,13.97680
2021-08-06,14.00390
2021-08-09,13.95600
2021-08-10,13.68750
2021-08-11,13.63380
2021-08-12,13.94250
2021-08-13,13.94960
2021-08-16,13.81990
2021-08-17,13.80680
2021-08-18,13.75730
2021-08-20,13.42690
2021-08-23,13.20040
2021-08-24,13.40060
2021-08-25,13.47360
2021-08-26,13.49480
2021-08-27,13.62920
2021-08-30,13.86060
2021-08-31,13.96260
2021-09-01,13.95770
2021-09-02,14.09320
2021-09-03,14.10070
2021-09-06,14.18060
2021-09-07,14.17720
2021-09-08,14.27410
2021-09-09,14.29690
2021-09-13,14.36710
2021-09-14,14.37590
2021-09-15,14.47020
2021-09-16,14.47970
2021-09-17,14.36810
2021-09-20,14.14860
2021-09-21,14.18700
2021-09-22,14.36430
2021-09-23,14.52790
2021-09-24,14.57570
2021-09-27,14.57280
2021-09-28,14.48060
2021-09-29,14.45460
2021-09-30,14.53430
2021-10-01,14.57230
2021-10-04,14.82700
2021-10-05,14.90860
2021-10-06,14.78030
2021-10-07,14.94220
2021-10-08,15.06330
2021-10-11,15.14110
2021-10-12,15.17490
2021-10-13,15.21240
2021-10-14,15.32620
2021-10-18,15.43900
2021-10-19,15.21020
2021-10-20,15.01540
2021-10-21,14.92460
2021-10-22,14.80240
2021-10-25,14.68630
2021-10-26,15.02550
2021-10-27,15.11730
2021-10-28,14.89180
2021-10-29,14.92350
2021-11-01,15.10780
2021-11-02,15.44800
2021-11-03,15.36800
2021-11-08,15.74040
2021-11-09,15.75340
2021-11-10,15.86050
2021-11-11,15.84210
2021-11-12,15.85280
2021-11-15,15.77380
2021-11-16,15.74350
2021-11-17,15.74240
2021-11-18,15.48040
2021-11-22,15.06790
2021-11-23,15.32680
2021-11-24,15.43470
2021-11-25,15.58960
2021-11-26,15.04970
2021-11-29,14.67020
2021-11-30,14.93190
2021-12-01,14.93020
2021-12-02,15.07670
2021-12-03,15.14950
2021-12-06,14.96590
2021-12-07,15.10610
2021-12-08,15.32670
2021-12-09,15.34100
2021-12-10,15.44790
2021-12-13,15.48700
2021-12-14,15.58490
2021-12-15,15.53170
2021-12-16,15.45210
2021-12-17,15.10300
2021-12-20,14.56530
2021-12-21,14.73410
2021-12-22,14.92690
2021-12-23,15.07240
2021-12-24,14.98310
2021-12-27,15.04410
2021-12-28,15.26180
2021-12-29,15.30530
2021-12-30,15.39290
2021-12-31,15.48950
2022-01-03,15.58110
2022-01-04,15.66930
2022-01-05,15.67400
2022-01-06,15.58350
2022-01-07,15.66750
2022-01-10,15.95340
2022-01-11,15.95210
2022-01-12,15.96820
2022-01-13,16.01350
2022-01-14,16.06660
2022-01-17,16.20690
2022-01-18,15.97370
2022-01-19,16.00670
2022-01-20,15.98550
2022-01-21,15.73680
2022-01-24,15.10070
2022-01-25,15.30180
2022-01-27,15.22790
2022-01-28,15.30960
2022-01-31,15.40950
2022-02-01,15.57880
2022-02-02,15.75610
2022-02-03,15.69480
2022-02-04,15.63010
2022-02-07,15.47720
2022-02-08,15.27740
2022-02-09,15.36480
2022-02-10,15.32230
2022-02-11,15.08000
2022-02-14,14.54100
2022-02-15,14.76310
2022-02-16,14.78540
2022-02-17,14.77140
2022-02-18,14.73450
2022-02-21,14.48350
2022-02-22,14.39690
2022-02-23,14.51930
2022-02-24,13.83930
2022-02-25,14.30580
2022-02-28,14.40900
2022-03-02,14.38490
2022-03-03,14.43040
2022-03-04,14.21400
2022-03-07,13.93080
2022-03-08,14.08660
2022-03-09,14.33540
2022-03-10,14.47010
2022-03-11,14.61020
2022-03-14,14.71650
2022-03-15,14.65250
2022-03-16,14.79990
2022-03-17,15.12380
2022-03-21,15.23130
2022-03-22,15.31340
2022-03-23,15.24470
2022-03-24,15.25070
2022-03-25,15.19660
2022-03-28,15.08030
2022-03-29,15.20240
2022-03-30,15.44150
2022-03-31,15.54180
2022-04-01,15.70470
2022-04-04,15.86440
2022-04-05,15.99970
2022-04-06,16.02940
2022-04-07,15.98620
2022-04-08,16.13490
2022-04-11,16.12710
2022-04-12,15.88110
2022-04-13,15.89760
2022-04-18,15.74790
2022-04-19,15.54340
2022-04-20,15.55150
2022-04-21,15.70710
2022-04-22,15.71690
2022-04-25,15.44890
2022-04-26,15.59620
2022-04-27,15.57840
2022-04-28,15.71240
2022-04-29,15.64580
2022-05-02,15.53220
2022-05-04,15.24400
2022-05-05,15.19170
2022-05-06,14.87490
2022-05-09,14.66960
2022-05-10,14.37320
2022-05-11,14.20120
2022-05-12,13.91800
2022-05-13,14.06510
2022-05-16,14.21150
2022-05-17,14.52750
2022-05-18,14.70930
2022-05-19,14.37940
2022-05-20,14.63840
2022-05-23,14.58820
2022-05-24,14.45130
2022-05-25,14.06570
2022-05-26,14.17910
2022-05-27,14.34440
2022-05-30,14.73660
2022-05-31,14.78720
2022-06-01,14.87310
2022-06-02,14.94650
2022-06-03,14.90010
2022-06-06,14.78430
2022-06-07,14.69460
2022-06-08,14.68010
2022-06-09,14.65760
2022-06-10,14.57880
2022-06-13,14.15340
2022-06-14,14.09430
2022-06-15,14.14080
2022-06-16,13.79080
2022-06-17,13.65230
2022-06-20,13.49660
2022-06-21,13.77320
2022-06-22,13.69280
2022-06-23,13.86290
2022-06-24,14.01950
2022-06-27,14.22970
2022-06-28,14.29060
2022-06-29,14.29990
2022-06-30,14.25770
2022-07-01,14.26860
2022-07-04,14.32780
2022-07-05,14.43270
2022-07-06,14.54810
2022-07-07,14.68580
2022-07-08,14.73980
2022-07-11,14.82970
2022-07-12,14.72560
2022-07-13,14.78010
2022-07-14,14.74720
2022-07-15,14.84950
2022-07-18,15.01950
2022-07-19,15.12300
2022-07-20,15.21710
2022-07-21,15.29670
2022-07-22,15.35120
2022-07-25,15.34340
2022-07-26,15.24170
2022-07-27,15.31460
2022-07-28,15.44440
2022-07-29,15.66830
2022-08-01,15.81990
2022-08-02,15.89570
2022-08-03,15.96020
2022-08-04,15.95300
2022-08-05,15.98440
2022-08-08,16.03200
2022-08-10,16.01390
2022-08-11,16.15370
2022-08-12,16.29600
2022-08-16,16.42040
2022-08-17,16.50670
2022-08-18,16.52090
2022-08-19,16.39140
2022-08-22,16.22740
2022-08-23,16.33100
2022-08-24,16.46070
2022-08-25,16.52180
2022-08-26,16.61070
2022-08-29,16.55890
2022-08-30,16.80020
2022-09-01,16.85850
2022-09-02,16.79910
2022-09-05,16.86090
2022-09-06,16.92120
2022-09-07,17.06100
2022-09-08,17.22510
2022-09-09,17.16800
2022-09-12,17.39970
2022-09-13,17.40340
2022-09-14,17.44510
2022-09-15,17.38740
2022-09-16,16.99650
2022-09-19,16.95960
2022-09-20,17.16490
2022-09-21,17.04900
2022-09-22,17.15090
2022-09-23,16.83810
2022-09-26,16.37120
2022-09-27,16.45840
2022-09-28,16.40720
2022-09-29,16.54080
2022-09-30,16.77260
2022-10-03,16.71190
2022-10-04,16.90580
2022-10-06,17.09190
2022-10-07,17.08210
2022-10-10,16.94240
2022-10-11,16.77190
2022-10-12,16.79880
2022-10-13,16.71590
2022-10-14,16.70650
2022-10-17,16.65960
2022-10-18,16.75500
2022-10-19,16.82620
2022-10-20,16.82520
2022-10-21,16.73110
2022-10-25,16.88200
2022-10-27,16.91080
2022-10-28,16.78830
2022-10-31,16.89820
2022-11-01,16.91670
2022-11-02,16.95490
2022-11-03,16.92860
2022-11-04,16.91090
2022-11-07,16.98590
2022-11-09,16.89190
2022-11-10,16.74700
2022-11-11,16.80800
2022-11-14,16.91300
2022-11-15,16.90080
2022-11-16,16.81940
2022-11-17,16.87340
2022-11-18,16.75550
2022-11-21,16.69450
2022-11-22,16.64830
2022-11-23,16.72620
2022-11-24,16.80560
2022-11-25,16.90430
2022-11-28,16.99190
2022-11-29,16.95950
2022-11-30,17.04260
2022-12-01,17.17140
2022-12-02,17.24560
2022-12-05,17.23470
2022-12-06,17.17590
2022-12-07,17.06320
2022-12-08,17.07090
2022-12-09,16.93540
2022-12-12,16.87640
2022-12-13,16.94050
2022-12-14,17.05480
2022-12-15,16.96450
2022-12-16,16.79450
2022-12-19,16.83270
2022-12-20,16.75120
2022-12-21,16.47640
2022-12-22,16.28330
2022-12-23,15.77030
2022-12-26,16.14610
2022-12-27,16.33990
2022-12-28,16.32980
2022-12-29,16.33850
2022-12-30,16.43840
2023-01-02,16.55860
2023-01-03,16.57920
2023-01-04,16.46190
2023-01-05,16.42930
2023-01-06,16.35490
2023-01-09,16.42020
2023-01-10,16.41240
2023-01-11,16.40780
2023-01-12,16.42710
2023-01-13,16.44630
2023-01-16,16.40270
2023-01-17,16.33690
2023-01-18,16.40450
2023-01-19,16.40760
2023-01-20,16.37010
2023-01-23,16.38010
2023-01-24,16.36260
2023-01-25,16.25840
2023-01-27,16.02220
2023-01-30,16.00910
2023-01-31,16.28290
2023-02-01,16.09300
2023-02-02,16.15570
2023-02-03,16.11280
2023-02-06,16.23230
2023-02-07,16.24020
2023-02-08,16.35730
2023-02-09,16.42650
2023-02-10,16.60850
2023-02-13,16.38110
2023-02-14,16.22410
2023-02-15,16.27870
2023-02-16,16.40080
2023-02-17,16.38310
2023-02-20,16.41910
2023-02-21,16.36170
2023-02-22,16.25180
2023-02-23,16.30260
2023-02-24,16.24940
2023-02-27,16.14000
2023-02-28,16.24080
2023-03-01,16.39030
2023-03-02,16.39950
2023-03-03,16.52430
2023-03-06,16.56470
2023-03-08,16.57390
2023-03-09,16.45720
2023-03-10,16.39440
2023-03-13,16.08890
2023-03-14,15.99730
2023-03-15,16.01530
2023-03-16,15.87230
2023-03-17,16.09100
2023-03-20,16.03250
2023-03-21,16.14950
2023-03-22,16.24330
2023-03-23,16.20770
2023-03-24,16.07720
2023-03-27,15.95030
2023-03-28,15.92430
2023-03-29,16.19290
2023-03-31,16.36400
2023-04-03,16.49440
2023-04-05,16.61580
2023-04-06,16.74800
2023-04-10,16.73550
2023-04-11,16.82340
2023-04-12,16.90680
2023-04-13,16.93080
2023-04-17,17.01390
2023-04-18,17.01610
2023-04-19,17.01480
2023-04-20,17.05130
2023-04-21,17.04710
2023-04-24,17.11810
2023-04-25,17.12210
2023-04-26,17.21100
2023-04-27,17.31480
2023-04-28,17.47520
2023-05-02,17.55410
2023-05-03,17.62490
2023-05-04,17.77350
2023-05-05,17.66860
2023-05-08,17.80860
2023-05-09,17.86110
2023-05-10,17.93200
2023-05-11,17.97380
2023-05-12,17.98040
2023-05-15,18.07140
2023-05-16,18.06790
2023-05-17,18.15000
2023-05-18,18.08170
2023-05-19,18.11460
2023-05-22,18.13820
2023-05-23,18.16470
2023-05-24,18.21540
2023-05-25,18.34410
2023-05-26,18.41500
2023-05-29,18.51660
2023-05-30,18.57160
2023-05-31,18.63500
2023-06-01,18.81550
2023-06-02,18.84570
2023-06-05,18.89680
2023-06-06,18.96650
2023-06-07,19.15990
2023-06-08,18.95490
2023-06-09,18.94560
2023-06-12,19.03830
2023-06-13,19.21610
2023-06-14,19.36320
2023-06-15,19.39420
2023-06-16,19.45100
2023-06-19,19.48400
2023-06-20,19.53970
2023-06-21,19.52990
2023-06-22,19.40390
2023-06-23,19.18850
2023-06-26,19.31930
2023-06-27,19.43880
2023-06-28,19.46030
2023-06-30,19.43410
2023-07-03,19.54240
2023-07-04,19.56380
2023-07-05,19.58660
2023-07-06,19.69490
2023-07-07,19.66820
2023-07-10,19.66500
2023-07-11,19.79580
2023-07-12,19.92780
2023-07-13,19.87010
2023-07-14,19.98920
2023-07-17,20.07880
2023-07-18,19.98540
2023-07-19,20.17000
2023-07-20,20.23390
2023-07-21,20.21070
2023-07-24,20.32780
2023-07-25,20.29710
2023-07-26,20.28200
2023-07-27,20.28430
2023-07-28,20.22500
2023-07-31,20.36260
2023-08-01,20.49530
2023-08-02,20.40590
2023-08-03,20.43290
2023-08-04,20.55580
2023-08-07,20.50570
2023-08-08,20.62300
2023-08-09,20.72020
2023-08-10,20.60690
2023-08-11,20.52280
2023-08-14,20.47610
2023-08-16,20.52240
2023-08-17,20.60220
2023-08-18,20.54330
2023-08-21,20.63860
2023-08-22,20.79900
2023-08-23,20.97610
2023-08-24,21.02300
2023-08-25,21.02020
2023-08-28,21.08970
2023-08-29,21.17500
2023-08-30,21.34910
2023-08-31,21.55490
2023-09-01,21.72550
2023-09-04,21.88690
2023-09-05,21.98360
2023-09-06,21.98680
2023-09-07,22.07890
2023-09-08,22.21130
2023-09-11,22.14970
2023-09-12,21.47830
2023-09-13,21.58390
2023-09-14,21.76150
2023-09-15,21.78800
2023-09-18,21.65860
2023-09-20,21.53140
2023-09-21,21.53720
2023-09-22,21.48010
2023-09-25,21.49800
2023-09-26,21.55500
2023-09-27,21.72900
2023-09-29,21.82030
2023-10-03,21.91090
2023-10-04,21.80370
2023-10-05,21.93440
2023-10-06,22.07300
2023-10-09,21.82950
2023-10-10,22.12980
2023-10-11,22.27670
2023-10-12,22.36310
2023-10-13,22.32490
2023-10-16,22.33210
2023-10-17,22.49250
2023-10-18,22.47950
2023-10-19,22.50020
2023-10-20,22.39100
2023-10-23,21.62600
2023-10-25,21.35390
2023-10-26,21.35010
2023-10-27,21.69650
2023-10-30,21.68610
2023-10-31,21.68960
2023-11-01,21.74800
2023-11-02,21.89910
2023-11-03,22.14170
2023-11-06,22.31020
2023-11-07,22.26990
2023-11-08,22.34520
2023-11-09,22.22270
2023-11-10,22.30950
2023-11-13,22.48880
2023-11-15,22.76300
2023-11-16,22.91520
2023-11-17,22.92000
2023-11-20,22.96390
2023-11-21,23.12650
2023-11-22,23.01950
2023-11-23,22.97310
2023-11-24,22.98360
2023-11-28,23.10700
2023-11-29,23.12400
2023-11-30,23.41600
2023-12-01,23.49860
2023-12-04,23.59910
2023-12-05,23.64550
2023-12-06,23.56900
2023-12-07,23.64140
2023-12-08,23.46360
2023-12-11,23.58310
2023-12-12,23.71860
2023-12-13,23.88180
2023-12-14,24.11550
2023-12-15,24.19520
2023-12-18,24.32480
2023-12-19,24.36170
2023-12-20,23.81180
2023-12-21,24.07680
2023-12-22,24.22280
2023-12-26,24.30120
2023-12-27,24.35990
2023-12-28,24.47720
2023-12-29,24.65950
2024-01-01,24.67870
2024-01-02,24.68040
2024-01-03,24.80330
2024-01-04,25.04230
2024-01-05,25.18790
2024-01-08,24.91980
2024-01-09,24.93150
2024-01-10,24.86000
2024-01-11,24.91930
2024-01-12,24.95250
2024-01-15,24.89010
2024-01-16,24.81560
2024-01-17,24.64890
2024-01-18,24.59850
2024-01-19,24.76040
2024-01-23,24.11540
2024-01-24,24.41310
2024-01-25,24.43460
2024-01-29,24.70570
2024-01-30,24.64190
2024-01-31,25.06750
2024-02-01,25.02580
2024-02-02,25.12250
2024-02-05,25.06030
2024-02-06,25.23100
2024-02-07,25.39530
2024-02-08,25.23810
2024-02-09,25.13560
2024-02-12,24.39200
2024-02-13,24.51470
2024-02-14,24.52610
2024-02-15,24.68960
2024-02-16,24.99260
2024-02-19,25.00720
2024-02-20,25.03700
2024-02-21,24.85020
2024-02-22,24.87630
2024-02-23,24.97810
2024-02-26,24.95160
2024-02-27,24.97820
2024-02-28,24.48810
2024-02-29,24.57100
2024-03-01,24.67150
2024-03-04,24.72610
2024-03-05,24.61600
2024-03-06,24.14220
2024-03-07,24.20490
2024-03-11,23.74230
2024-03-12,23.31160
2024-03-13,22.47230
2024-03-14,22.82540
2024-03-15,22.99650
2024-03-18,22.97040
2024-03-19,22.83920
2024-03-20,22.89550
2024-03-21,23.24410
2024-03-22,23.48400
2024-03-26,23.42880
2024-03-27,23.51640
2024-03-28,23.56040
2024-03-31,23.55830
2024-04-01,24.14550
2024-04-02,24.36240
2024-04-03,24.54990
2024-04-04,24.66810
2024-04-05,24.73080
2024-04-08,24.81620
2024-04-09,24.79820
2024-04-10,25.04570
2024-04-12,24.98990
2024-04-15,24.73370
2024-04-16,24.78530
2024-04-18,24.86530
2024-04-19,24.83940
2024-04-22,25.04910
2024-04-23,25.24260
2024-04-24,25.18530
2024-04-25,25.34930
2024-04-26,25.32170
2024-04-29,25.30410
2024-04-30,25.43350
2024-05-02,25.35110
2024-05-03,25.28200
2024-05-06,25.21600
2024-05-07,24.91160
2024-05-08,25.12030
2024-05-09,24.58520
2024-05-10,24.82200
2024-05-13,24.86590
2024-05-14,25.08930
2024-05-15,25.30230
2024-05-16,25.48780
2024-05-17,25.79620
2024-05-21,25.78130
2024-05-22,25.78350
2024-05-23,25.84790
2024-05-24,25.74440
2024-05-27,25.84430
2024-05-28,25.65470
2024-05-29,25.60250
2024-05-30,25.32360
2024-05-31,25.51080
2024-06-03,25.95180
2024-06-04,24.61140
2024-06-05,25.44970
2024-06-06,26.10770
2024-06-07,26.74620
2024-06-10,27.21530
2024-06-11,27.38900
2024-06-12,27.49290
2024-06-13,27.62820
2024-06-14,27.75390
2024-06-18,27.85450
2024-06-19,27.68240
2024-06-20,27.71830
2024-06-21,27.75240
2024-06-24,27.64150
2024-06-25,27.70270
2024-06-26,27.66290
2024-06-27,27.63730
2024-06-28,27.83910
2024-07-01,28.24190
2024-07-02,28.09780
2024-07-03,28.13450
2024-07-04,28.27280
2024-07-05,28.23320
2024-07-08,28.00260
2024-07-09,28.01720
2024-07-10,27.88370
2024-07-11,27.85850
2024-07-12,27.86840
2024-07-15,27.98910
2024-07-16,27.97190
2024-07-18,27.80400
2024-07-19,27.19230
2024-07-22,27.28140
2024-07-23,27.36770
2024-07-24,27.62400
2024-07-25,27.56810
2024-07-26,27.79640
2024-07-29,27.92620
2024-07-30,28.05350
2024-07-31,28.03710
2024-08-01,28.12290
2024-08-02,27.88270
2024-08-05,26.97270
2024-08-06,27.00750
2024-08-07,27.45260
2024-08-08,27.35150
2024-08-09,27.68340
2024-08-12,27.50700
2024-08-13,27.17300
2024-08-14,27.13020
2024-08-16,27.61780
2024-08-19,27.78850
2024-08-20,28.15870
2024-08-21,28.27860
2024-08-22,28.40820
2024-08-23,28.38240
2024-08-26,28.60540
2024-08-27,28.61190
2024-08-28,28.68950
2024-08-29,28.57140
2024-08-30,28.80400
2024-09-02,28.72940
2024-09-03,28.85840
2024-09-04,28.87100
2024-09-05,29.04780
2024-09-06,28.95670
2024-09-09,28.65670
2024-09-10,28.93830
2024-09-11,28.80750
2024-09-12,28.86590
2024-09-13,29.13290
2024-09-16,29.28340
2024-09-17,29.39860
2024-09-18,29.27860
2024-09-19,29.04570
2024-09-20,29.27110
2024-09-23,29.44860
2024-09-24,29.54050
2024-09-25,29.41800
2024-09-26,29.29960
2024-09-27,29.16110
2024-09-30,29.18250
2024-10-01,29.31590
2024-10-03,28.94450
2024-10-04,28.80510
2024-10-07,28.18650
2024-10-08,28.80680
2024-10-09,29.02390
2024-10-10,29.16610
2024-10-11,29.26070
2024-10-14,29.26670
2024-10-15,29.55650
2024-10-16,29.49550
2024-10-17,29.00660
2024-10-18,29.04410
2024-10-21,28.81600
2024-10-22,28.00650
2024-10-23,28.22730
2024-10-24,27.94200
2024-10-25,27.56060
2024-10-28,27.68340
2024-10-29,27.69960
2024-10-30,27.79910
2024-10-31,28.14790
2024-11-04,27.95670
2024-11-05,28.05000
2024-11-06,28.40090
2024-11-07,28.21450
2024-11-08,27.91410
2024-11-11,27.67590
2024-11-12,27.30710
2024-11-13,26.53350
2024-11-14,26.62760
2024-11-18,26.46130
2024-11-19,26.79410
2024-11-21,26.49520
2024-11-22,26.81530
2024-11-25,27.12210
2024-11-26,27.28630
2024-11-27,27.65810
2024-11-28,27.73500
2024-11-29,27.87080
2024-12-02,28.10770
2024-12-03,28.45430
2024-12-04,28.59470
2024-12-05,28.69180
2024-12-06,28.84590
2024-12-09,28.77560
2024-12-10,29.03830
2024-12-11,29.05790
2024-12-12,28.93080
2024-12-13,28.66340
2024-12-16,28.72220
2024-12-17,28.58130
2024-12-18,28.37010
2024-12-19,28.13160
2024-12-20,27.58240
2024-12-23,27.53600
2024-12-24,27.63430
2024-12-26,27.52650
2024-12-27,27.62070
2024-12-30,27.50800
2024-12-31,27.64830
2025-01-01,27.73010
2025-01-02,27.90320
2025-01-03,27.84230
2025-01-06,27.35010
2025-01-07,27.63430
2025-01-08,27.36480
2025-01-09,27.29620
2025-01-10,26.71860
2025-01-13,25.85060
2025-01-14,26.05770
2025-01-15,26.32620
2025-01-16,26.52480
2025-01-17,26.48030
2025-01-20,26.62450
2025-01-21,26.26750
2025-01-22,26.17720
2025-01-23,26.48880
2025-01-24,26.06010
2025-01-27,25.25010
2025-01-28,25.06420
2025-01-29,25.80230
2025-01-30,25.84750
2025-01-31,26.20310
2025-02-03,26.32280
2025-02-04,26.45670
2025-02-05,26.77440
2025-02-06,26.76800
2025-02-07,26.56330
2025-02-10,25.93750
2025-02-11,25.05530
2025-02-12,24.87030
2025-02-13,24.86650
2025-02-14,24.32880
2025-02-17,24.10250
2025-02-18,23.77200
2025-02-19,24.07000
2025-02-20,24.39360
2025-02-21,24.46340
2025-02-24,24.00490
2025-02-25,24.00900
2025-02-27,23.48440
2025-02-28,23.07060
2025-03-03,22.81960
2025-03-04,22.86080
2025-03-05,23.37330
2025-03-06,23.76440
2025-03-07,23.87730
2025-03-10,23.44020
2025-03-11,23.43180
2025-03-12,23.28710
2025-03-13,23.13020
2025-03-17,23.04300
2025-03-18,23.61140
2025-03-19,23.82310
2025-03-20,23.96720
2025-03-21,24.33100
2025-03-24,24.44180
2025-03-25,24.26630
2025-03-26,23.96580
2025-03-27,24.10900
2025-03-28,24.13470
2025-03-31,24.13260
2025-04-01,24.09530
2025-04-02,24.28980
2025-04-03,24.43560
2025-04-04,23.71320
2025-04-07,23.04140
2025-04-08,23.47020
2025-04-09,23.48750
2025-04-11,24.16450
2025-04-15,24.60760
2025-04-16,24.75000
2025-04-17,24.97080
2025-04-21,25.42890
2025-04-22,25.64170
2025-04-23,25.77830
2025-04-24,25.85000
2025-04-25,25.45640
2025-04-28,25.46870
2025-04-29,25.49350
2025-04-30,25.14110
2025-05-02,25.15370
2025-05-05,25.32050
2025-05-06,24.92640
2025-05-07,25.16110
2025-05-08,24.94590
2025-05-09,24.80670
2025-05-12,25.68540
2025-05-13,25.84620
2025-05-14,26.38830
2025-05-15,26.53270
2025-05-16,26.82560
2025-05-19,26.85390
2025-05-20,26.77660
2025-05-21,26.75250
2025-05-22,26.79520
2025-05-23,26.87660
2025-05-26,26.97180
2025-05-27,26.98060
2025-05-28,27.11990
2025-05-29,27.17690
2025-05-30,27.12010
2025-06-02,27.29170
2025-06-03,27.29140
2025-06-04,27.44680
2025-06-05,27.68740
2025-06-06,27.98110
2025-06-09,28.35210
2025-06-10,28.40650
2025-06-11,28.35290
2025-06-12,28.10440
2025-06-13,28.07310
2025-06-16,28.13950
2025-06-17,28.01620
2025-06-18,27.96500
2025-06-19,27.62780
2025-06-20,27.78540
2025-06-23,27.98220
2025-06-24,28.14760
2025-06-25,28.44780
2025-06-26,28.47180
2025-06-27,28.63790
2025-06-30,28.66600
2025-07-01,28.73780
2025-07-02,28.65360
2025-07-03,28.97430
2025-07-04,29.00580
2025-07-07,28.82890
2025-07-08,28.82570
2025-07-09,28.83010
2025-07-10,28.78310
2025-07-11,28.70580
2025-07-14,28.86000
2025-07-15,29.12720
2025-07-16,29.14360
2025-07-17,29.20930
2025-07-18,29.11060
2025-07-21,28.99810
2025-07-22,29.05910
2025-07-23,29.22440
2025-07-24,29.04570
2025-07-25,28.56090
2025-07-28,28.37570
2025-07-29,28.63740
2025-07-30,28.55940
2025-07-31,28.33490
2025-08-01,28.06510
2025-08-04,28.17140
2025-08-05,28.20530
2025-08-06,27.91880
2025-08-07,27.97590
2025-08-08,27.86390
2025-08-11,27.88310
2025-08-12,27.87640
2025-08-13,27.93250
2025-08-14,27.76510
2025-08-18,28.09710
2025-08-19,28.31650
2025-08-20,28.39750
2025-08-21,28.30230
2025-08-22,28.25020
2025-08-25,28.25200
2025-08-26,27.93110
2025-08-28,27.60710
2025-08-29,27.66360
2025-09-01,27.96060
2025-09-02,28.10570
2025-09-03,28.17610
2025-09-04,28.16560
2025-09-05,28.10810
2025-09-08,28.23800
2025-09-09,28.45210
2025-09-10,28.64950
2025-09-11,28.79440
2025-09-12,28.78890
2025-09-15,28.78100
2025-09-16,28.91040
2025-09-17,29.00600
2025-09-18,28.94010
2025-09-19,29.11690
2025-09-22,28.85640
2025-09-23,28.71250
2025-09-24,28.55630
2025-09-25,28.54530
2025-09-26,27.98060
2025-09-30,27.97980
2025-10-01,28.33010
2025-10-03,28.45120
2025-10-06,28.58710
2025-10-07,28.58030
2025-10-08,28.67490
2025-10-09,28.73320
2025-10-10,28.73910
2025-10-13,28.67190
2025-10-14,28.55560
2025-10-15,28.76740
2025-10-16,28.88810
2025-10-17,28.92090
2025-10-20,29.20930
2025-10-23,29.30550
2025-10-24,29.18100
2025-10-27,29.42410
2025-10-28,29.35550
2025-10-29,29.42880
2025-10-30,29.46190
2025-10-31,29.30090
2025-11-03,29.45470
2025-11-04,29.30110
2025-11-06,29.08710
2025-11-07,29.05090
2025-11-10,29.05920
2025-11-11,28.98000
2025-11-12,29.02180
2025-11-13,29.08250
2025-11-14,29.17390
2025-11-17,29.41890
2025-11-18,29.20460
2025-11-19,29.09750
2025-11-20,29.08340
2025-11-21,28.71000
2025-11-24,28.81620
2025-11-25,28.84480
2025-11-26,29.25770
2025-11-27,29.04690
2025-11-28,28.93010
2025-12-01,29.10990
2025-12-02,29.05830
2025-12-03,28.95500
2025-12-04,28.86810
2025-12-05,28.61990
2025-12-08,28.11240
2025-12-09,28.31750
2025-12-10,28.20320
2025-12-11,28.37200
2025-12-12,28.47240
2025-12-15,28.59980
2025-12-16,28.32190
2025-12-17,28.16410
2025-12-18,27.97360
2025-12-19,28.34900
2025-12-22,28.63730
2025-12-23,28.70200
2025-12-24,28.71620
2025-12-26,28.66780
2025-12-29,28.49810
2025-12-30,28.41040
2025-12-31,28.77630
2026-01-01,28.89900
2026-01-02,29.06390
2026-01-05,29.49610
2026-01-06,29.31480
2026-01-07,29.34670
2026-01-08,28.96480
2026-01-09,28.79260
2026-01-12,28.51650
2026-01-13,28.71500
2026-01-14,28.79160
2026-01-16,28.80820
2026-01-19,28.39680
2026-01-20,27.66850
2026-01-21,27.39510
2026-01-22,27.67340
2026-01-23,27.21160
2026-01-27,27.15470
2026-01-28,27.35910
2026-01-29,27.28210
2026-01-30,27.87450
2026-02-02,27.55290
2026-02-03,28.35450
2026-02-04,28.58460
2026-02-05,28.43200
2026-02-06,28.38300
2026-02-09,29.00820
2026-02-10,29.26570
2026-02-11,29.22300
2026-02-12,28.82870
2026-02-13,28.21160
2026-02-16,28.17810
2026-02-17,28.49830
2026-02-18,28.48510
2026-02-19,28.15810
2026-02-20,28.05220
2026-02-23,28.22950
2026-02-24,27.82870
2026-02-25,27.93930
2026-02-26,28.16340
2026-02-27,27.84200
2026-03-02,27.27300
2026-03-04,26.65110
2026-03-05,26.83690
2026-03-06,26.84720
2026-03-09,26.28620
2026-03-10,26.78210
2026-03-11,26.65410
2026-03-12,26.42320
2026-03-13,25.74450
2026-03-16,25.67990
2026-03-17,25.80860
2026-03-18,26.52140
2026-03-19,25.89600
2026-03-20,25.76710
2026-03-23,25.02890
2026-03-24,25.53180
2026-03-25,26.10240
2026-03-27,25.75830
2026-03-30,25.32700
2026-03-31,25.32620
2026-04-01,26.21280
2026-04-02,26.24600
2026-04-06,26.47140
2026-04-07,26.57020
2026-04-08,27.60840
2026-04-09,27.56120
2026-04-10,28.02980
2026-04-13,27.99380
2026-04-15,28.65710
2026-04-16,28.73810
2026-04-17,29.08260
2026-04-20,28.96780
2026-04-21,29.38000
2026-04-22,29.60300
2026-04-23,29.41970
2026-04-24,29.18560
2026-04-27,29.71240
2026-04-28,29.48050
2026-04-29,29.78120
2026-04-30,29.81540
2026-05-04,30.10900
2026-05-05,30.06630
2026-05-06,30.46270
2026-05-07,30.73440
2026-05-08,30.67870
2026-05-11,30.32700
2026-05-12,29.52040
2026-05-13,29.64260
2026-05-14,29.97500
2026-05-15,29.83720
2026-05-18,29.45070
2026-05-19,29.56930
2026-05-20,29.78760
2026-05-21,30.05380
2026-05-22,30.16260
2026-05-25,30.42260
2026-05-26,30.49950
2026-05-27,30.52300
2026-05-29,30.04470
2026-06-01,29.60420
2026-06-02,29.80560
2026-06-03,29.79330
2026-06-04,30.11220
2026-06-05,30.21540
2026-06-08,29.74600
2026-06-09,30.17400
2026-06-10,29.93940
2026-06-11,29.42740
2026-06-12,30.22320
2026-06-15,30.78610
2026-06-16,30.95670
2026-06-17,31.29820
2026-06-18,31.46880
2026-06-19,31.51620
2026-06-22,31.66150
2026-06-23,31.27940
2026-06-24,31.24040
2026-06-25,31.08380
2026-06-29,30.82020
2026-06-30,31.17740
2026-07-01,31.46330
2026-07-02,31.69280
2026-07-03,31.62290
2026-07-06,31.68280
2026-07-07,31.72080
2026-07-08,31.17460
2026-07-09,31.75590
2026-07-10,32.23220
2026-07-13,32.31090
2026-07-14,31.92130
2026-07-15,32.20230
2026-07-16,32.02550
2026-07-17,31.75430
2026-07-20,31.65520
2026-07-21,31.70140
2026-07-22,31.32230
2026-07-23,31.09780
2026-07-24,31.12180
2026-07-27,31.48780
2026-07-28,31.36630
2026-07-29,31.50150
2026-07-30,31.34610
2026-07-31,31.53170
2026-08-03,31.92910
2026-08-04,32.11800
2026-08-05,32.13410
2026-08-06,32.22730
2026-08-07,32.38620
2026-08-10,32.43900
2026-08-11,32.45060
2026-08-12,32.28550
2026-08-13,32.25320
2026-08-14,32.17820
2026-08-17,32.17000
2026-08-18,32.12880
2026-08-19,31.86640
2026-08-20,32.14730
2026-08-21,32.11950
2026-08-24,31.95850
2026-08-25,32.00000
2026-08-26,31.99820
2026-08-27,31.81790
2026-08-28,31.66910
2026-08-31,31.70890
2026-09-01,31.43650
2026-09-02,31.08320
2026-09-03,31.31130
2026-09-04,31.56700
2026-09-07,31.73640
2026-09-08,31.80140
2026-09-09,31.45100
2026-09-10,31.37530
2026-09-11,31.31580
2026-09-15,30.61350
2026-09-16,30.67760
2026-09-17,31.05220
2026-09-18,31.42240
2026-09-21,31.33750
2026-09-22,31.43030
2026-09-23,31.64600
2026-09-24,31.08990
2026-09-25,30.99220
2026-09-28,30.63010
2026-09-29,30.73870
2026-09-30,30.82380
2026-10-01,30.37530
2026-10-05,30.37350
2026-10-06,30.51780
2026-10-07,30.49980
2026-10-08,29.84000
2026-10-09,29.98040
