Date,NAV
2019-10-09,10.01020
2019-10-10,10.17690
2019-10-11,10.36400
2019-10-15,10.46610
2019-10-16,10.31730
2019-10-17,10.32660
2019-10-18,10.42030
2019-10-22,10.50880
2019-10-23,10.50310
2019-10-24,10.58460
2019-10-25,10.61940
2019-10-29,10.73640
2019-10-30,10.76010
2019-10-31,10.66650
2019-11-01,10.68450
2019-11-04,10.67290
2019-11-05,10.70270
2019-11-06,11.06640
2019-11-07,10.96330
2019-11-08,11.10310
2019-11-13,10.73930
2019-11-14,10.92930
2019-11-15,11.15600
2019-11-18,11.00230
2019-11-19,10.97140
2019-11-20,10.97220
2019-11-21,10.91670
2019-11-22,10.99670
2019-11-25,11.09470
2019-11-26,11.02550
2019-11-27,11.04890
2019-11-29,11.02950
2019-12-02,10.93290
2019-12-03,10.90000
2019-12-04,10.91910
2019-12-05,10.98600
2019-12-06,10.96220
2019-12-09,10.88780
2019-12-10,10.82120
2019-12-11,10.79110
2019-12-12,10.84850
2019-12-13,10.90340
2019-12-16,10.98040
2019-12-17,10.95200
2019-12-18,10.96930
2019-12-19,11.37040
2019-12-20,11.43610
2019-12-23,11.27910
2019-12-24,11.25490
2019-12-26,11.28860
2019-12-27,11.22540
2019-12-30,11.40020
2019-12-31,11.37160
2020-01-02,11.35470
2020-01-03,11.43690
2020-01-06,11.52640
2020-01-07,11.52330
2020-01-08,11.48320
2020-01-09,11.38120
2020-01-10,11.39360
2020-01-13,11.43950
2020-01-14,11.55270
2020-01-15,11.56350
2020-01-16,11.53780
2020-01-17,11.58860
2020-01-21,11.55900
2020-01-22,11.55970
2020-01-23,11.58560
2020-01-24,11.71600
2020-01-27,11.57420
2020-01-28,11.38110
2020-01-29,11.50440
2020-01-30,11.38060
2020-01-31,11.23360
2020-02-03,11.28930
2020-02-04,11.34890
2020-02-05,11.50480
2020-02-06,11.60660
2020-02-07,11.58730
2020-02-10,11.40300
2020-02-11,11.51440
2020-02-12,11.55250
2020-02-13,11.57100
2020-02-14,11.47040
2020-02-18,11.36840
2020-02-19,11.42570
2020-02-20,11.44170
2020-02-24,11.23960
2020-02-25,11.17650
2020-02-26,11.18540
2020-02-27,11.03670
2020-02-28,10.89970
2020-03-02,11.06680
2020-03-03,11.02760
2020-03-04,11.23180
2020-03-05,11.17670
2020-03-06,11.03320
2020-03-09,10.73030
2020-03-11,10.62620
2020-03-12,10.10710
2020-03-13,10.15140
2020-03-16,9.61060
2020-03-17,9.57860
2020-03-18,9.36870
2020-03-19,9.32230
2020-03-20,9.27120
2020-03-23,9.06500
2020-03-24,9.58570
2020-03-25,9.75120
2020-03-26,9.98920
2020-03-27,10.06050
2020-03-30,10.07980
2020-03-31,9.74210
2020-04-01,9.76640
2020-04-03,9.82340
2020-04-07,10.17460
2020-04-08,10.35170
2020-04-09,10.46970
2020-04-13,10.37460
2020-04-15,10.36330
2020-04-16,10.32970
2020-04-17,10.61420
2020-04-20,10.56950
2020-04-21,10.30150
2020-04-22,10.41960
2020-04-23,10.38320
2020-04-24,10.41720
2020-04-27,10.58880
2020-04-28,10.64300
2020-04-29,10.72920
2020-04-30,10.75770
2020-05-04,10.43850
2020-05-05,10.49350
2020-05-06,10.45080
2020-05-07,10.50620
2020-05-08,10.65350
2020-05-11,10.71120
2020-05-12,10.58830
2020-05-13,10.51020
2020-05-14,10.46220
2020-05-15,10.46920
2020-05-18,10.60500
2020-05-19,10.62290
2020-05-20,10.76190
2020-05-21,10.74530
2020-05-22,10.62450
2020-05-26,10.84280
2020-05-27,10.93990
2020-05-28,11.01260
2020-05-29,10.98000
2020-06-01,11.03650
2020-06-02,11.13030
2020-06-03,11.30150
2020-06-04,11.34410
2020-06-05,11.53820
2020-06-08,11.65480
2020-06-09,11.65700
2020-06-10,11.63990
2020-06-11,11.31570
2020-06-12,11.31670
2020-06-15,11.17180
2020-06-16,11.38840
2020-06-17,11.39490
2020-06-18,11.42310
2020-06-19,11.41860
2020-06-22,11.43500
2020-06-23,11.46130
2020-06-24,11.38750
2020-06-25,11.32620
2020-06-26,11.32300
2020-06-29,11.27450
2020-06-30,11.32610
2020-07-01,11.33650
2020-07-02,11.34950
2020-07-06,11.50480
2020-07-07,11.47580
2020-07-08,11.48880
2020-07-09,11.49890
2020-07-10,11.49630
2020-07-13,11.55560
2020-07-14,11.57280
2020-07-15,11.67480
2020-07-16,11.60550
2020-07-17,11.57840
2020-07-20,11.57300
2020-07-21,11.65720
2020-07-22,11.62660
2020-07-23,11.64420
2020-07-24,11.56640
2020-07-27,11.61280
2020-07-28,11.66040
2020-07-29,11.65720
2020-07-30,11.60720
2020-07-31,11.49080
2020-08-03,11.49430
2020-08-04,11.62980
2020-08-05,11.65490
2020-08-06,11.70500
2020-08-07,11.71250
2020-08-10,11.69610
2020-08-11,11.76480
2020-08-12,11.81660
2020-08-13,11.88040
2020-08-14,11.83820
2020-08-17,11.84050
2020-08-18,11.89830
2020-08-19,11.86300
2020-08-20,11.82200
2020-08-21,11.85330
2020-08-24,11.93200
2020-08-25,11.95520
2020-08-26,11.98790
2020-08-27,12.00730
2020-08-28,11.88640
2020-08-31,11.90220
2020-09-01,11.83560
2020-09-02,11.94110
2020-09-03,11.96060
2020-09-04,11.82340
2020-09-08,11.78850
2020-09-09,11.73960
2020-09-10,11.71040
2020-09-11,11.77500
2020-09-14,11.89070
2020-09-15,11.91500
2020-09-16,11.95170
2020-09-17,11.88050
2020-09-18,11.84130
2020-09-21,11.71780
2020-09-22,11.70300
2020-09-23,11.65830
2020-09-24,11.58620
2020-09-25,11.61470
2020-09-28,11.71790
2020-09-29,11.71120
2020-09-30,11.67550
2020-10-01,11.65560
2020-10-05,11.73810
2020-10-06,11.78340
2020-10-07,11.85010
2020-10-08,11.90310
2020-10-09,11.93560
2020-10-12,11.97940
2020-10-13,12.02290
2020-10-14,11.97460
2020-10-15,11.82610
2020-10-16,11.84080
2020-10-19,11.91870
2020-10-20,11.91130
2020-10-21,11.99480
2020-10-22,11.99280
2020-10-23,12.01850
2020-10-26,11.97250
2020-10-27,11.94060
2020-10-28,11.91580
2020-10-29,11.90650
2020-10-30,11.78100
2020-11-02,11.89100
2020-11-03,11.99440
2020-11-04,12.09640
2020-11-05,12.27590
2020-11-06,12.34580
2020-11-09,12.54830
2020-11-10,12.59840
2020-11-11,12.56440
2020-11-12,12.62990
2020-11-13,12.67880
2020-11-17,12.87670
2020-11-18,12.84820
2020-11-19,12.84490
2020-11-20,12.87680
2020-11-23,12.93410
2020-11-24,13.02490
2020-11-25,12.99870
2020-11-27,13.10260
2020-12-01,12.98170
2020-12-02,13.08810
2020-12-03,13.19310
2020-12-04,13.29200
2020-12-07,13.19930
2020-12-08,13.16970
2020-12-09,13.21550
2020-12-10,13.31890
2020-12-11,13.30920
2020-12-14,13.25630
2020-12-15,13.18180
2020-12-16,13.23760
2020-12-17,13.17500
2020-12-18,13.14400
2020-12-21,13.03380
2020-12-22,13.00290
2020-12-23,13.05110
2020-12-24,13.06380
2020-12-28,13.09420
2020-12-29,13.12170
2020-12-30,13.23190
2020-12-31,13.38440
2021-01-04,13.35590
2021-01-05,13.43130
2021-01-06,13.51970
2021-01-07,13.53900
2021-01-08,13.65840
2021-01-11,13.68890
2021-01-12,13.68260
2021-01-13,13.66420
2021-01-14,13.71600
2021-01-15,13.64930
2021-01-19,13.80270
2021-01-20,13.90100
2021-01-21,13.85400
2021-01-22,13.80400
2021-01-25,13.88620
2021-01-27,13.68430
2021-01-28,13.59780
2021-01-29,13.39910
2021-02-01,13.61370
2021-02-02,13.82260
2021-02-03,13.83710
2021-02-04,13.87460
2021-02-05,13.91870
2021-02-08,14.04100
2021-02-09,14.06740
2021-02-10,14.08670
2021-02-11,14.06300
2021-02-12,14.12130
2021-02-16,14.24750
2021-02-17,14.30670
2021-02-18,14.18820
2021-02-19,14.15770
2021-02-22,14.05430
2021-02-23,14.03000
2021-02-24,14.02750
2021-02-25,14.02210
2021-02-26,13.57150
2021-03-01,13.93020
2021-03-02,13.90180
2021-03-03,13.91320
2021-03-04,13.73430
2021-03-05,13.76320
2021-03-08,13.69210
2021-03-09,13.69390
2021-03-10,13.75520
2021-03-12,13.82390
2021-03-15,13.87520
2021-03-16,13.86870
2021-03-17,13.90300
2021-03-18,13.97790
2021-03-19,13.88500
2021-03-22,13.86690
2021-03-23,13.73400
2021-03-24,13.62420
2021-03-25,13.65760
2021-03-26,13.78700
2021-03-30,13.84670
2021-03-31,13.81130
2021-04-01,14.02350
2021-04-05,14.11900
2021-04-06,14.04510
2021-04-07,14.22750
2021-04-08,14.29710
2021-04-09,14.40240
2021-04-12,14.31730
2021-04-13,14.33490
2021-04-15,14.44900
2021-04-16,14.45940
2021-04-19,14.43620
2021-04-20,14.42340
2021-04-22,14.38840
2021-04-23,14.47880
2021-04-26,14.43760
2021-04-27,14.40390
2021-04-28,14.37380
2021-04-29,14.40900
2021-04-30,14.24950
2021-05-03,14.30910
2021-05-04,14.16560
2021-05-05,14.24100
2021-05-06,14.20730
2021-05-07,14.21140
2021-05-10,14.15640
2021-05-11,14.01580
2021-05-12,13.87300
2021-05-14,13.90480
2021-05-17,13.99860
2021-05-18,14.07720
2021-05-19,14.03290
2021-05-20,13.99480
2021-05-21,14.00210
2021-05-24,14.01070
2021-05-25,14.03420
2021-05-26,14.04700
2021-05-27,13.98970
2021-05-28,14.01710
2021-05-31,14.03710
2021-06-01,14.10180
2021-06-02,14.15650
2021-06-03,14.14810
2021-06-04,14.14400
2021-06-07,14.18630
2021-06-08,14.19140
2021-06-09,14.15090
2021-06-10,14.23150
2021-06-11,14.23390
2021-06-14,14.29240
2021-06-15,14.29570
2021-06-16,14.23690
2021-06-17,14.21000
2021-06-18,14.20800
2021-06-21,14.12960
2021-06-22,14.22250
2021-06-23,14.21770
2021-06-24,14.26080
2021-06-25,14.32560
2021-06-28,14.40030
2021-06-29,14.34700
2021-06-30,14.32370
2021-07-01,14.31160
2021-07-02,14.32800
2021-07-06,14.34380
2021-07-07,14.38420
2021-07-08,14.25270
2021-07-09,14.23140
2021-07-12,14.26620
2021-07-13,14.33410
2021-07-14,14.33290
2021-07-15,14.33220
2021-07-16,14.28560
2021-07-19,14.18780
2021-07-20,14.15010
2021-07-22,14.23740
2021-07-23,14.21620
2021-07-26,14.04230
2021-07-27,13.81050
2021-07-28,13.79420
2021-07-29,13.90700
2021-07-30,13.81290
2021-08-02,13.91760
2021-08-03,13.90660
2021-08-04,13.94740
2021-08-05,13.94480
2021-08-06,13.94830
2021-08-09,13.91180
2021-08-10,13.95230
2021-08-11,13.97230
2021-08-12,13.91170
2021-08-13,13.90220
2021-08-16,13.86020
2021-08-17,13.81050
2021-08-18,13.80330
2021-08-20,13.52080
2021-08-23,13.67330
2021-08-24,13.80380
2021-08-25,13.88020
2021-08-26,13.81810
2021-08-27,13.80370
2021-08-30,13.77860
2021-08-31,13.86220
2021-09-01,13.92810
2021-09-02,13.98270
2021-09-03,13.96950
2021-09-07,14.14990
2021-09-08,14.10160
2021-09-09,14.01370
2021-09-13,14.07930
2021-09-14,14.06430
2021-09-15,13.97380
2021-09-16,13.92000
2021-09-17,13.83460
2021-09-20,13.61670
2021-09-21,13.70940
2021-09-22,13.68470
2021-09-23,13.79500
2021-09-24,13.79680
2021-09-27,13.83540
2021-09-28,13.80290
2021-09-29,13.79590
2021-09-30,13.72890
2021-10-01,13.70190
2021-10-04,13.60290
2021-10-05,13.58660
2021-10-06,13.55020
2021-10-07,13.72950
2021-10-08,13.84400
2021-10-11,13.96400
2021-10-12,13.88120
2021-10-13,13.92940
2021-10-14,14.01640
2021-10-18,14.09580
2021-10-19,14.16790
2021-10-21,14.09440
2021-10-22,14.12140
2021-10-25,14.12950
2021-10-26,14.15330
2021-10-27,14.09430
2021-10-28,14.07260
2021-10-29,14.08210
2021-11-01,14.14020
2021-11-02,14.17330
2021-11-03,14.10100
2021-11-08,14.02370
2021-11-09,14.06200
2021-11-10,13.98780
2021-11-11,14.02670
2021-11-12,14.11550
2021-11-15,14.17840
2021-11-16,14.18110
2021-11-17,14.08070
2021-11-18,14.05010
2021-11-22,14.04560
2021-11-23,13.99380
2021-11-24,13.92640
2021-11-26,13.68730
2021-11-29,13.69240
2021-11-30,13.48030
2021-12-01,13.52230
2021-12-02,13.61950
2021-12-03,13.65670
2021-12-06,13.60420
2021-12-07,13.82190
2021-12-08,13.88540
2021-12-09,13.92040
2021-12-10,13.89800
2021-12-13,13.92970
2021-12-14,13.79920
2021-12-15,13.81680
2021-12-16,13.89470
2021-12-17,13.73860
2021-12-20,13.52700
2021-12-21,13.53700
2021-12-22,13.55390
2021-12-23,13.56680
2021-12-27,13.52690
2021-12-28,13.55140
2021-12-29,13.45680
2021-12-30,13.41710
2021-12-31,13.45810
2022-01-03,13.48290
2022-01-04,13.56620
2022-01-05,13.44840
2022-01-06,13.34850
2022-01-07,13.37770
2022-01-10,13.41840
2022-01-11,13.41310
2022-01-12,13.59990
2022-01-13,13.56950
2022-01-14,13.58410
2022-01-18,13.52640
2022-01-19,13.40490
2022-01-20,13.52710
2022-01-21,13.50050
2022-01-24,13.42900
2022-01-25,13.32220
2022-01-27,13.07060
2022-01-28,13.14090
2022-01-31,13.25860
2022-02-01,13.28820
2022-02-02,13.42400
2022-02-03,13.28600
2022-02-04,13.38970
2022-02-08,13.33120
2022-02-09,13.44980
2022-02-10,13.52420
2022-02-11,13.51920
2022-02-14,13.41930
2022-02-15,13.37180
2022-02-16,13.44470
2022-02-17,13.41390
2022-02-18,13.29920
2022-02-22,13.05230
2022-02-23,13.06970
2022-02-24,12.95210
2022-02-25,13.03080
2022-02-28,13.00460
2022-03-02,12.94130
2022-03-03,12.96370
2022-03-04,12.76430
2022-03-07,12.55360
2022-03-08,12.29900
2022-03-09,12.36240
2022-03-10,12.48120
2022-03-11,12.32560
2022-03-14,12.22410
2022-03-15,12.09070
2022-03-16,12.58600
2022-03-17,12.62040
2022-03-21,12.86100
2022-03-22,12.97770
2022-03-23,13.05350
2022-03-24,13.05150
2022-03-25,12.98040
2022-03-28,13.00880
2022-03-29,13.01540
2022-03-30,13.09040
2022-03-31,12.97330
2022-04-01,13.01450
2022-04-04,13.08300
2022-04-05,13.00070
2022-04-06,12.86510
2022-04-07,12.77940
2022-04-08,12.76380
2022-04-11,12.62840
2022-04-12,12.58150
2022-04-13,12.73130
2022-04-18,12.62940
2022-04-19,12.61130
2022-04-20,12.56250
2022-04-21,12.50310
2022-04-22,12.38790
2022-04-25,12.26530
2022-04-26,12.30630
2022-04-27,12.19090
2022-04-28,12.29080
2022-04-29,12.32710
2022-05-02,12.36480
2022-05-04,12.36430
2022-05-05,12.29200
2022-05-06,12.19950
2022-05-09,12.08470
2022-05-10,12.04000
2022-05-11,11.98820
2022-05-12,11.82760
2022-05-13,12.01480
2022-05-16,12.05590
2022-05-17,12.15410
2022-05-18,12.13290
2022-05-19,12.01330
2022-05-20,12.16990
2022-05-23,12.13710
2022-05-24,12.08830
2022-05-25,12.04320
2022-05-26,12.03500
2022-05-27,12.20910
2022-05-31,12.49710
2022-06-01,12.38580
2022-06-02,12.36130
2022-06-03,12.38450
2022-06-06,12.56900
2022-06-07,12.37150
2022-06-08,12.56660
2022-06-09,12.44620
2022-06-10,12.29880
2022-06-13,12.02900
2022-06-14,11.94980
2022-06-15,11.97740
2022-06-16,11.85160
2022-06-17,11.84780
2022-06-20,11.83860
2022-06-21,11.91830
2022-06-22,11.82310
2022-06-23,11.85930
2022-06-24,12.04660
2022-06-27,12.20490
2022-06-28,12.10240
2022-06-29,12.02210
2022-06-30,11.91490
2022-07-01,11.94000
2022-07-05,12.00350
2022-07-06,11.96240
2022-07-07,12.00910
2022-07-08,12.08480
2022-07-11,12.00860
2022-07-12,11.85490
2022-07-13,11.86050
2022-07-14,11.84890
2022-07-15,11.88290
2022-07-18,11.96520
2022-07-19,12.03750
2022-07-20,12.14760
2022-07-21,12.17890
2022-07-22,12.16150
2022-07-25,12.14270
2022-07-26,12.09530
2022-07-27,12.17210
2022-07-28,12.22960
2022-07-29,12.25600
2022-08-01,12.22790
2022-08-02,12.14860
2022-08-03,12.18650
2022-08-04,12.32740
2022-08-05,12.34050
2022-08-08,12.28450
2022-08-10,12.25030
2022-08-11,12.35110
2022-08-12,12.59970
2022-08-16,12.41450
2022-08-17,12.26250
2022-08-18,12.21230
2022-08-19,12.10610
2022-08-22,12.01990
2022-08-23,11.88370
2022-08-24,11.85910
2022-08-25,12.00220
2022-08-26,11.98320
2022-08-29,11.84160
2022-08-30,11.80830
2022-09-01,11.65400
2022-09-02,11.60920
2022-09-06,11.54400
2022-09-07,11.45550
2022-09-08,11.48550
2022-09-09,11.61640
2022-09-12,11.67910
2022-09-13,11.54800
2022-09-14,11.43570
2022-09-15,11.43240
2022-09-16,11.47060
2022-09-19,11.26610
2022-09-20,11.29710
2022-09-21,11.17760
2022-09-22,11.11870
2022-09-23,11.05520
2022-09-26,10.99410
2022-09-27,10.96180
2022-09-28,10.92900
2022-09-29,10.92130
2022-09-30,10.81270
2022-10-03,10.93440
2022-10-04,11.09480
2022-10-06,11.25470
2022-10-07,11.13720
2022-10-10,10.97580
2022-10-11,10.77870
2022-10-12,10.68200
2022-10-13,10.61710
2022-10-14,10.65700
2022-10-17,10.69280
2022-10-18,10.82770
2022-10-19,10.71970
2022-10-20,10.68320
2022-10-21,10.68580
2022-10-25,10.54480
2022-10-27,10.57200
2022-10-28,10.50820
2022-10-31,10.44240
2022-11-01,10.66740
2022-11-02,10.70210
2022-11-03,10.60690
2022-11-04,10.74230
2022-11-07,10.91300
2022-11-09,10.77560
2022-11-10,10.90700
2022-11-11,11.33620
2022-11-14,11.42700
2022-11-15,11.68230
2022-11-16,11.67880
2022-11-17,11.70490
2022-11-18,11.60810
2022-11-21,11.54030
2022-11-22,11.47850
2022-11-23,11.56230
2022-11-25,11.61100
2022-11-28,11.51070
2022-11-29,11.67100
2022-11-30,11.85280
2022-12-01,11.93330
2022-12-02,11.91010
2022-12-05,12.08140
2022-12-06,12.06830
2022-12-07,11.91880
2022-12-08,12.02670
2022-12-09,12.13380
2022-12-12,12.16720
2022-12-13,12.23410
2022-12-14,12.33660
2022-12-15,12.17900
2022-12-16,12.10750
2022-12-19,11.99680
2022-12-20,11.90330
2022-12-21,11.90440
2022-12-22,12.07920
2022-12-23,11.94570
2022-12-27,12.05670
2022-12-28,12.03070
2022-12-29,12.05680
2022-12-30,12.07040
2023-01-03,12.20280
2023-01-04,12.41130
2023-01-05,12.41070
2023-01-06,12.38050
2023-01-09,12.48530
2023-01-10,12.55210
2023-01-11,12.58230
2023-01-12,12.64900
2023-01-13,12.79920
2023-01-17,12.75630
2023-01-18,12.69470
2023-01-19,12.70430
2023-01-20,12.83530
2023-01-23,12.90540
2023-01-24,13.06940
2023-01-25,13.05930
2023-01-27,13.13160
2023-01-30,13.00100
2023-01-31,13.01990
2023-02-01,13.21410
2023-02-02,13.34170
2023-02-03,13.27940
2023-02-06,13.06910
2023-02-07,13.18900
2023-02-08,13.15970
2023-02-09,13.14920
2023-02-10,13.07040
2023-02-13,13.08980
2023-02-14,13.10790
2023-02-15,12.99980
2023-02-16,13.08080
2023-02-17,12.85590
2023-02-21,12.80860
2023-02-22,12.66950
2023-02-23,12.74420
2023-02-24,12.65000
2023-02-27,12.61260
2023-02-28,12.54030
2023-03-01,12.67340
2023-03-02,12.69210
2023-03-03,12.78010
2023-03-06,12.74630
2023-03-08,12.58920
2023-03-09,12.55780
2023-03-10,12.37590
2023-03-13,12.37570
2023-03-14,12.31520
2023-03-15,12.35720
2023-03-16,12.38300
2023-03-17,12.41870
2023-03-20,12.36660
2023-03-21,12.48950
2023-03-22,12.59620
2023-03-23,12.65790
2023-03-24,12.67260
2023-03-27,12.62660
2023-03-28,12.59800
2023-03-29,12.77340
2023-03-31,12.88680
2023-04-03,12.88150
2023-04-05,12.86700
2023-04-06,12.78760
2023-04-10,12.86920
2023-04-11,12.91990
2023-04-12,12.87510
2023-04-13,12.85100
2023-04-17,12.94320
2023-04-18,12.91310
2023-04-19,12.85880
2023-04-20,12.81300
2023-04-21,12.73710
2023-04-24,12.69340
2023-04-25,12.49620
2023-04-26,12.51360
2023-04-27,12.63620
2023-04-28,12.73440
2023-05-02,12.71840
2023-05-03,12.60570
2023-05-04,12.63800
2023-05-05,12.68090
2023-05-08,12.75740
2023-05-09,12.73880
2023-05-10,12.70650
2023-05-11,12.69090
2023-05-12,12.69670
2023-05-15,12.73290
2023-05-16,12.74320
2023-05-17,12.78890
2023-05-18,12.87400
2023-05-19,12.88920
2023-05-22,12.97980
2023-05-23,12.90850
2023-05-24,12.80870
2023-05-25,12.77540
2023-05-26,12.84680
2023-05-30,12.84160
2023-05-31,12.70170
2023-06-01,12.77590
2023-06-02,12.99950
2023-06-05,13.07940
2023-06-06,13.06930
2023-06-07,13.08930
2023-06-08,13.02610
2023-06-09,13.11880
2023-06-12,13.17510
2023-06-13,13.30440
2023-06-14,13.29760
2023-06-15,13.49540
2023-06-16,13.49110
2023-06-20,13.34830
2023-06-21,13.27000
2023-06-22,13.26590
2023-06-23,13.08200
2023-06-26,13.06300
2023-06-27,13.07180
2023-06-28,13.09970
2023-06-30,13.14020
2023-07-03,13.30220
2023-07-05,13.28800
2023-07-06,13.18160
2023-07-07,13.12200
2023-07-10,13.16520
2023-07-11,13.29850
2023-07-12,13.34780
2023-07-13,13.49210
2023-07-14,13.57580
2023-07-17,13.54470
2023-07-18,13.52150
2023-07-19,13.56290
2023-07-20,13.50270
2023-07-21,13.50240
2023-07-24,13.41510
2023-07-25,13.51260
2023-07-26,13.52340
2023-07-27,13.56020
2023-07-28,13.67670
2023-07-31,13.70970
2023-08-01,13.63680
2023-08-02,13.43870
2023-08-03,13.36240
2023-08-04,13.40260
2023-08-07,13.47670
2023-08-08,13.37970
2023-08-09,13.33530
2023-08-10,13.26420
2023-08-11,13.21320
2023-08-14,13.14640
2023-08-16,13.04870
2023-08-17,13.01890
2023-08-18,12.89090
2023-08-21,12.82140
2023-08-22,12.83100
2023-08-23,12.91980
2023-08-24,13.00350
2023-08-25,12.90080
2023-08-28,12.90250
2023-08-29,13.02080
2023-08-30,13.06920
2023-08-31,13.09540
2023-09-01,13.12190
2023-09-05,13.22160
2023-09-06,13.24090
2023-09-07,13.17250
2023-09-08,13.08510
2023-09-11,13.06340
2023-09-12,13.04050
2023-09-13,13.01480
2023-09-14,13.14780
2023-09-15,13.19190
2023-09-18,13.10200
2023-09-20,12.95680
2023-09-21,12.73870
2023-09-22,12.80460
2023-09-25,12.80510
2023-09-26,12.67470
2023-09-27,12.69930
2023-09-29,12.73230
2023-10-03,12.62120
2023-10-04,12.48350
2023-10-05,12.62150
2023-10-06,12.68850
2023-10-10,12.77210
2023-10-11,12.74420
2023-10-12,12.84880
2023-10-13,12.73930
2023-10-16,12.67950
2023-10-17,12.72470
2023-10-18,12.60810
2023-10-19,12.47250
2023-10-20,12.36620
2023-10-23,12.27170
2023-10-25,12.31110
2023-10-26,12.17090
2023-10-27,12.23830
2023-10-30,12.24150
2023-10-31,12.18510
2023-11-01,12.23030
2023-11-02,12.42620
2023-11-03,12.54990
2023-11-06,12.81280
2023-11-07,12.72880
2023-11-08,12.69820
2023-11-09,12.65530
2023-11-10,12.61300
2023-11-13,12.59560
2023-11-15,12.93950
2023-11-16,12.94430
2023-11-17,12.94740
2023-11-20,13.02920
2023-11-21,13.07800
2023-11-22,13.04130
2023-11-24,13.01470
2023-11-28,13.00600
2023-11-29,12.98860
2023-11-30,12.98410
2023-12-01,13.00970
2023-12-04,12.89380
2023-12-05,12.70130
2023-12-06,12.81780
2023-12-07,12.74200
2023-12-08,12.82000
2023-12-11,12.76680
2023-12-12,12.84400
2023-12-13,12.83750
2023-12-14,13.01520
2023-12-15,13.08610
2023-12-18,13.05040
2023-12-19,13.04620
2023-12-21,13.05710
2023-12-22,13.05370
2023-12-26,13.10640
2023-12-27,13.22900
2023-12-28,13.33040
2023-12-29,13.32860
2024-01-02,13.29310
2024-01-03,13.12900
2024-01-04,13.06290
2024-01-05,13.01730
2024-01-08,12.92050
2024-01-09,12.97950
2024-01-10,12.93020
2024-01-11,13.02050
2024-01-12,13.06420
2024-01-16,12.83260
2024-01-17,12.60600
2024-01-18,12.58890
2024-01-19,12.65260
2024-01-23,12.72500
2024-01-24,12.93300
2024-01-25,12.93110
2024-01-29,13.02070
2024-01-30,12.87900
2024-01-31,12.75600
2024-02-01,12.80280
2024-02-02,12.82660
2024-02-05,12.79320
2024-02-06,12.99270
2024-02-07,12.97620
2024-02-08,12.98870
2024-02-09,13.04420
2024-02-12,13.07670
2024-02-13,13.08230
2024-02-14,12.97590
2024-02-15,13.08060
2024-02-16,13.20610
2024-02-20,13.13220
2024-02-21,13.22620
2024-02-22,13.39470
2024-02-23,13.43250
2024-02-26,13.41730
2024-02-27,13.45120
2024-02-28,13.39790
2024-02-29,13.45670
2024-03-01,13.46120
2024-03-04,13.50430
2024-03-05,13.40620
2024-03-06,13.52030
2024-03-07,13.52490
2024-03-11,13.58440
2024-03-12,13.66570
2024-03-13,13.59890
2024-03-14,13.59100
2024-03-15,13.56080
2024-03-18,13.64560
2024-03-19,13.56210
2024-03-20,13.60780
2024-03-21,13.70930
2024-03-22,13.63080
2024-03-26,13.55480
2024-03-27,13.62200
2024-03-28,13.68990
2024-03-31,13.71190
2024-04-01,13.70260
2024-04-02,13.75180
2024-04-03,13.71030
2024-04-04,13.76050
2024-04-05,13.75590
2024-04-08,13.76310
2024-04-09,13.89110
2024-04-10,13.85940
2024-04-12,13.76410
2024-04-15,13.65040
2024-04-16,13.48630
2024-04-18,13.47190
2024-04-19,13.30860
2024-04-22,13.41900
2024-04-23,13.50910
2024-04-24,13.67960
2024-04-25,13.59410
2024-04-26,13.72780
2024-04-29,13.73480
2024-04-30,13.80640
2024-05-02,13.97860
2024-05-03,14.21890
2024-05-06,14.12180
2024-05-07,14.22480
2024-05-08,14.23180
2024-05-09,14.35910
2024-05-10,14.74520
2024-05-13,14.93700
2024-05-14,14.65900
2024-05-15,14.64110
2024-05-16,14.87220
2024-05-17,14.80900
2024-05-21,14.72990
2024-05-22,14.84150
2024-05-23,14.74870
2024-05-24,14.60350
2024-05-28,14.78830
2024-05-29,14.58850
2024-05-30,14.40200
2024-05-31,14.45480
2024-06-03,14.56270
2024-06-04,14.52250
2024-06-05,14.49790
2024-06-06,14.59930
2024-06-07,14.61790
2024-06-10,14.59780
2024-06-11,14.55750
2024-06-12,14.53920
2024-06-13,14.55170
2024-06-14,14.51060
2024-06-18,14.47220
2024-06-20,14.62810
2024-06-21,14.58240
2024-06-24,14.54030
2024-06-25,14.59010
2024-06-26,14.60190
2024-06-27,14.51850
2024-06-28,14.54420
2024-07-01,14.54870
2024-07-02,14.59430
2024-07-03,14.63950
2024-07-05,14.64880
2024-07-08,14.61480
2024-07-09,14.66360
2024-07-10,14.68440
2024-07-11,14.76920
2024-07-12,14.83370
2024-07-15,14.84010
2024-07-16,14.91640
2024-07-18,14.88770
2024-07-19,14.68130
2024-07-22,14.71400
2024-07-23,14.70140
2024-07-24,14.63720
2024-07-25,14.58110
2024-07-26,14.62610
2024-07-29,14.70130
2024-07-30,14.69050
2024-07-31,14.83220
2024-08-01,14.78610
2024-08-02,14.45660
2024-08-05,13.84700
2024-08-06,14.09550
2024-08-07,14.17040
2024-08-08,14.15190
2024-08-09,14.24740
2024-08-12,14.22860
2024-08-13,14.41710
2024-08-14,14.45830
2024-08-16,14.69630
2024-08-19,14.78710
2024-08-20,14.77200
2024-08-21,14.83010
2024-08-22,14.86910
2024-08-23,14.97600
2024-08-26,15.04740
2024-08-27,15.08210
2024-08-28,15.05040
2024-08-29,15.03190
2024-08-30,15.15760
2024-09-03,15.01870
2024-09-04,14.87510
2024-09-05,14.92280
2024-09-06,14.85520
2024-09-09,14.78630
2024-09-10,14.78590
2024-09-11,14.78700
2024-09-12,14.90580
2024-09-13,14.92430
2024-09-16,14.94430
2024-09-17,14.91790
2024-09-18,14.89970
2024-09-19,15.01700
2024-09-20,15.08980
2024-09-23,15.09610
2024-09-24,15.32740
2024-09-25,15.44010
2024-09-26,15.76660
2024-09-27,16.11920
2024-09-30,16.44080
2024-10-01,16.57050
2024-10-03,16.59350
2024-10-04,16.67010
2024-10-07,16.87310
2024-10-08,16.36550
2024-10-09,16.27650
2024-10-10,16.29310
2024-10-11,16.50490
2024-10-14,16.26910
2024-10-15,15.84560
2024-10-16,15.71270
2024-10-17,15.65770
2024-10-18,15.86250
2024-10-21,15.75770
2024-10-22,15.64180
2024-10-23,15.69810
2024-10-24,15.58210
2024-10-25,15.55670
2024-10-28,15.59000
2024-10-29,15.62090
2024-10-30,15.61100
2024-10-31,15.52980
2024-11-04,15.86290
2024-11-05,16.13450
2024-11-06,15.91940
2024-11-07,16.16230
2024-11-08,16.26250
2024-11-11,16.16840
2024-11-12,15.87720
2024-11-13,15.83780
2024-11-14,15.64200
2024-11-18,15.46160
2024-11-19,15.53960
2024-11-21,15.43580
2024-11-22,15.50010
2024-11-25,15.56810
2024-11-26,15.57910
2024-11-27,15.71020
2024-11-29,15.75150
2024-12-02,15.82780
2024-12-03,15.91310
2024-12-04,15.98840
2024-12-05,15.95370
2024-12-06,15.96640
2024-12-09,16.22970
2024-12-10,16.24120
2024-12-11,16.16390
2024-12-12,16.22900
2024-12-13,16.08840
2024-12-16,16.01290
2024-12-17,15.94030
2024-12-18,15.73250
2024-12-19,15.64570
2024-12-20,15.69900
2024-12-23,15.76300
2024-12-24,15.86770
2024-12-26,15.87490
2024-12-27,15.92820
2024-12-30,15.70690
2024-12-31,15.72960
2025-01-02,15.72020
2025-01-03,15.75480
2025-01-06,15.62350
2025-01-07,15.61710
2025-01-08,15.51260
2025-01-10,15.21270
2025-01-13,15.11510
2025-01-14,15.24770
2025-01-15,15.36800
2025-01-16,15.55850
2025-01-17,15.58880
2025-01-21,15.81350
2025-01-22,15.73310
2025-01-23,15.78660
2025-01-24,15.89480
2025-01-27,16.07220
2025-01-28,16.01840
2025-01-29,16.10550
2025-01-30,16.11600
2025-01-31,16.05340
2025-02-03,15.93550
2025-02-04,16.10080
2025-02-05,16.13720
2025-02-06,16.19350
2025-02-07,16.24630
2025-02-10,16.38780
2025-02-12,16.32440
2025-02-13,16.35910
2025-02-14,16.71740
2025-02-18,17.04560
2025-02-20,16.70250
2025-02-21,16.77000
2025-02-25,16.86700
2025-02-27,17.06750
2025-02-28,16.76950
2025-03-03,16.87680
2025-03-04,16.90390
2025-03-05,17.05080
2025-03-06,17.02900
2025-03-07,17.18550
2025-03-10,16.96700
2025-03-11,16.87530
2025-03-12,16.82190
2025-03-13,16.54620
2025-03-17,16.89500
2025-03-18,16.98340
2025-03-19,16.92200
2025-03-21,16.62900
2025-03-24,16.56270
2025-03-25,16.31170
2025-03-26,16.46780
2025-03-27,16.45160
2025-03-28,16.18530
2025-03-31,16.05240
2025-04-02,16.10070
2025-04-03,15.64860
2025-04-04,15.15560
2025-04-07,14.54340
2025-04-08,14.70220
2025-04-09,15.19930
2025-04-11,15.39950
2025-04-15,15.63390
2025-04-16,15.42450
2025-04-17,15.44770
2025-04-21,15.35770
2025-04-22,15.47360
2025-04-23,15.68620
2025-04-24,15.71980
2025-04-25,15.76250
2025-04-28,15.76690
2025-04-30,15.76940
2025-05-02,15.79890
2025-05-07,15.97300
2025-05-08,16.02810
2025-05-09,16.12290
2025-05-13,16.53610
2025-05-14,16.64260
2025-05-15,16.66900
2025-05-16,16.66300
2025-05-19,16.58730
2025-05-20,16.63700
2025-05-21,16.59210
2025-05-22,16.51940
2025-05-23,16.48300
2025-05-27,16.50750
2025-05-28,16.46070
2025-05-29,16.55990
2025-05-30,16.53060
2025-06-02,16.41680
2025-06-03,16.50900
2025-06-04,16.63650
2025-06-05,16.59630
2025-06-06,16.59360
2025-06-09,16.65310
2025-06-10,16.75940
2025-06-11,16.76150
2025-06-12,16.71360
2025-06-13,16.61520
2025-06-16,16.72430
2025-06-17,16.63590
2025-06-18,16.62760
2025-06-20,16.56090
2025-06-23,16.53790
2025-06-24,16.70640
2025-06-25,16.78410
2025-06-26,16.82390
2025-06-27,16.89440
2025-06-30,16.88230
2025-07-01,16.98820
2025-07-02,17.07060
2025-07-03,17.04100
2025-07-07,16.92890
2025-07-08,16.96230
2025-07-09,16.95640
2025-07-10,16.98250
2025-07-11,16.95900
2025-07-14,16.91670
2025-07-15,16.91290
2025-07-16,16.91610
2025-07-17,17.01690
2025-07-18,17.21830
2025-07-22,17.55410
2025-07-23,17.94060
2025-07-24,17.99600
2025-07-25,17.88180
2025-07-28,17.99100
2025-07-29,17.93440
2025-07-30,17.89150
2025-07-31,17.75690
2025-08-01,17.46630
2025-08-04,17.67480
2025-08-05,17.76270
2025-08-06,17.81370
2025-08-07,17.90830
2025-08-08,17.87190
2025-08-12,17.99490
2025-08-13,18.32300
2025-08-14,18.41150
2025-08-18,18.37190
2025-08-19,18.18410
2025-08-20,18.10730
2025-08-21,18.07170
2025-08-22,18.35570
2025-08-25,18.50870
2025-08-26,18.40850
2025-08-28,18.40010
2025-08-29,18.46910
2025-09-02,18.58480
2025-09-03,18.52510
2025-09-04,18.54580
2025-09-05,18.75860
2025-09-09,19.00670
2025-09-10,19.02700
2025-09-11,19.13030
2025-09-12,19.19900
2025-09-16,19.31340
2025-09-17,19.30340
2025-09-18,19.30850
2025-09-19,19.35720
2025-09-22,19.34840
2025-09-24,19.36430
2025-09-25,19.21860
2025-09-26,19.26290
2025-09-30,19.35230
2025-10-01,19.52350
2025-10-03,19.71120
2025-10-06,20.02140
2025-10-07,19.76430
2025-10-08,19.69550
2025-10-09,19.77320
2025-10-10,19.44190
2025-10-14,19.31750
2025-10-15,19.30120
2025-10-16,19.20320
2025-10-17,19.16120
2025-10-20,19.42860
2025-10-23,19.45330
2025-10-24,19.46280
2025-10-27,19.65360
2025-10-28,19.61860
2025-10-29,19.63680
2025-10-30,19.64170
2025-10-31,19.71550
2025-11-04,19.55560
2025-11-06,19.53910
2025-11-07,19.48150
2025-11-10,19.65180
2025-11-11,19.68230
2025-11-12,19.83280
2025-11-13,19.81370
2025-11-14,19.71070
2025-11-17,19.55160
2025-11-18,19.24940
2025-11-19,19.17010
2025-11-20,19.19960
2025-11-21,19.14230
2025-11-25,19.42240
2025-11-26,19.61160
2025-11-28,19.75720
2025-12-01,19.75920
2025-12-02,19.81290
2025-12-03,19.97900
2025-12-04,20.05620
2025-12-05,20.04330
2025-12-08,19.95410
2025-12-09,19.75140
2025-12-10,19.80930
2025-12-11,19.88940
2025-12-12,20.02960
2025-12-15,20.09290
2025-12-16,19.88060
2025-12-17,19.77120
2025-12-18,19.72110
2025-12-19,19.74670
2025-12-22,19.77530
2025-12-23,19.81810
2025-12-24,19.83940
2025-12-26,19.84890
2025-12-29,19.80030
2025-12-30,19.80970
2026-01-05,20.20390
2026-01-06,20.44520
2026-01-07,20.29290
2026-01-08,20.19800
2026-01-09,20.29120
2026-01-13,20.66020
2026-01-14,20.81550
2026-01-16,20.84630
2026-01-20,20.88060
2026-01-21,20.96190
2026-01-22,20.97470
2026-01-23,21.03690
2026-01-27,21.15830
2026-01-28,21.20790
2026-01-29,21.21760
2026-01-30,21.24400
2026-02-02,20.72530
2026-02-03,20.75260
2026-02-04,20.97810
2026-02-05,20.74540
2026-02-06,20.82210
2026-02-09,21.08880
2026-02-10,21.21270
2026-02-12,21.33730
2026-02-13,21.25420
2026-02-17,21.18770
2026-02-18,21.30810
2026-02-20,21.24150
2026-02-24,21.32540
2026-02-25,21.39060
2026-02-26,21.46210
2026-02-27,21.46390
2026-03-02,21.27780
2026-03-04,20.66980
2026-03-05,20.75760
2026-03-06,20.66880
2026-03-09,20.35560
2026-03-10,20.60810
2026-03-11,20.51290
2026-03-12,20.28660
2026-03-13,20.08660
2026-03-16,20.10850
2026-03-17,20.24880
2026-03-18,20.43360
2026-03-23,19.41530
2026-03-24,19.61470
2026-03-25,19.97870
2026-03-27,19.66090
2026-03-30,19.37460
2026-03-31,19.40960
2026-04-02,19.68640
2026-04-06,19.79150
2026-04-07,20.00240
2026-04-08,20.58990
2026-04-09,20.53100
2026-04-10,20.55660
2026-04-13,20.64510
2026-04-15,21.00870
2026-04-16,21.19040
2026-04-17,21.09810
2026-04-20,21.18400
2026-04-21,21.24680
2026-04-22,21.24460
2026-04-23,21.04390
2026-04-24,21.07710
2026-04-27,21.14540
2026-04-28,21.13830
2026-04-30,21.15210
2026-05-07,21.76760
2026-05-08,21.68270
2026-05-11,21.74260
2026-05-12,21.80250
2026-05-13,21.81840
2026-05-14,21.91520
2026-05-15,21.64900
2026-05-18,21.78760
2026-05-19,21.81400
2026-05-20,21.86030
2026-05-21,21.86600
2026-05-22,21.98260
2026-05-26,21.97330
2026-05-27,22.03100
2026-05-29,22.11200
2026-06-01,22.07280
2026-06-02,22.10980
2026-06-03,22.09010
2026-06-04,22.06940
2026-06-05,21.77430
2026-06-08,21.46940
2026-06-09,21.75020
2026-06-10,21.35460
2026-06-11,21.39290
2026-06-12,21.64840
2026-06-15,21.83490
2026-06-16,21.81700
2026-06-17,21.68190
2026-06-18,21.76800
2026-06-22,21.69160
2026-06-23,21.40650
2026-06-24,21.51130
2026-06-25,21.57010
2026-06-29,21.54950
2026-06-30,21.53930
2026-07-01,21.69200
2026-07-02,21.86320
2026-07-06,22.09080
2026-07-07,21.97120
2026-07-08,21.66830
2026-07-09,21.80160
2026-07-10,21.93860
2026-07-13,21.87750
2026-07-14,21.82650
2026-07-15,22.02480
2026-07-16,22.05230
2026-07-17,21.76410
2026-07-21,21.81470
2026-07-22,21.70270
2026-07-23,21.76510
2026-07-24,21.65730
2026-07-27,21.90020
2026-07-28,21.79360
2026-07-29,21.80500
2026-07-30,21.75530
2026-07-31,22.08610
2026-08-03,22.24490
2026-08-04,22.29890
2026-08-05,22.40350
2026-08-06,22.32950
2026-08-07,22.45590
2026-08-10,22.58450
2026-08-12,22.56450
2026-08-13,22.73120
2026-08-14,22.72070
2026-08-17,22.66260
2026-08-18,22.58330
2026-08-20,22.65630
2026-08-21,22.80070
2026-08-24,22.69690
2026-08-25,22.67210
2026-08-27,22.75240
2026-08-28,22.80130
2026-08-31,22.69010
2026-09-01,22.47530
2026-09-02,22.33650
2026-09-03,22.37950
2026-09-04,22.35030
2026-09-08,22.29280
2026-09-09,22.26430
2026-09-10,22.19290
2026-09-11,22.16480
2026-09-15,22.03900
2026-09-16,22.00990
2026-09-17,22.04950
2026-09-18,22.05170
2026-09-24,22.02110
2026-09-25,22.07790
2026-09-28,21.93060
2026-09-29,21.82430
2026-09-30,21.85680
2026-10-01,21.83030
2026-10-05,22.08060
2026-10-06,22.19290
2026-10-07,22.11730
2026-10-08,21.93890
2026-10-09,22.03040
